sa1,fp_alp,fp_lib,fp_nat,fp_lnp,fp_grn,fp_onp,fp_oth,tcp_alp,tcp_lib,tcp_nat,tcp_lnp,tcp_grn,tcp_onp,tcp_oth,tpp_alp,tpp_lnp
1117201,0.1838,0.4549,0.0,0.4549,0.134,0.0548,0.1726,0.3776,0.6224,0.0,0.6224,0.0,0.0,0.0,0.3776,0.6224
1117202,0.1886,0.4449,0.0,0.4449,0.1338,0.0549,0.1777,0.3895,0.6105,0.0,0.6105,0.0,0.0,0.0,0.3895,0.6105
1117203,0.1875,0.4496,0.0,0.4496,0.1305,0.0556,0.1768,0.384,0.616,0.0,0.616,0.0,0.0,0.0,0.384,0.616
1117204,0.1853,0.4435,0.0,0.4435,0.138,0.0567,0.1765,0.3843,0.6157,0.0,0.6157,0.0,0.0,0.0,0.3843,0.6157
1117205,0.1852,0.4515,0.0,0.4515,0.1413,0.0517,0.1703,0.3858,0.6142,0.0,0.6142,0.0,0.0,0.0,0.3858,0.6142
1117206,0.1869,0.4525,0.0,0.4525,0.134,0.0539,0.1727,0.3835,0.6165,0.0,0.6165,0.0,0.0,0.0,0.3835,0.6165
1117207,0.191,0.4326,0.0,0.4326,0.1523,0.0502,0.1739,0.4031,0.5969,0.0,0.5969,0.0,0.0,0.0,0.4031,0.5969
1117208,0.1899,0.4421,0.0,0.4421,0.1449,0.0509,0.1723,0.3946,0.6054,0.0,0.6054,0.0,0.0,0.0,0.3946,0.6054
1117209,0.1902,0.4335,0.0,0.4335,0.1415,0.0557,0.1791,0.3988,0.6012,0.0,0.6012,0.0,0.0,0.0,0.3988,0.6012
1117210,0.192,0.43,0.0,0.43,0.1373,0.0567,0.184,0.3991,0.6009,0.0,0.6009,0.0,0.0,0.0,0.3991,0.6009
1117211,0.189,0.4316,0.0,0.4316,0.1388,0.0574,0.1831,0.3948,0.6052,0.0,0.6052,0.0,0.0,0.0,0.3948,0.6052
1117212,0.1839,0.4503,0.0,0.4503,0.1372,0.0553,0.1732,0.3805,0.6195,0.0,0.6195,0.0,0.0,0.0,0.3805,0.6195
1117213,0.1954,0.4289,0.0,0.4289,0.1549,0.0481,0.1727,0.4091,0.5909,0.0,0.5909,0.0,0.0,0.0,0.4091,0.5909
1117214,0.1884,0.4399,0.0,0.4399,0.1528,0.0492,0.1697,0.3992,0.6008,0.0,0.6008,0.0,0.0,0.0,0.3992,0.6008
1117215,0.1909,0.4356,0.0,0.4356,0.1504,0.0503,0.1728,0.4019,0.5981,0.0,0.5981,0.0,0.0,0.0,0.4019,0.5981
1117216,0.1954,0.4287,0.0,0.4287,0.157,0.048,0.1709,0.4105,0.5895,0.0,0.5895,0.0,0.0,0.0,0.4105,0.5895
1117217,0.1948,0.4304,0.0,0.4304,0.1553,0.0483,0.1713,0.4089,0.5911,0.0,0.5911,0.0,0.0,0.0,0.4089,0.5911
1117218,0.1959,0.4266,0.0,0.4266,0.1579,0.0477,0.1718,0.4118,0.5882,0.0,0.5882,0.0,0.0,0.0,0.4118,0.5882
1117219,0.1758,0.4883,0.0,0.4883,0.1188,0.054,0.1631,0.3553,0.6447,0.0,0.6447,0.0,0.0,0.0,0.3553,0.6447
1117220,0.1883,0.4448,0.0,0.4448,0.1414,0.0517,0.1738,0.3908,0.6092,0.0,0.6092,0.0,0.0,0.0,0.3908,0.6092
1117222,0.1851,0.4509,0.0,0.4509,0.1406,0.0528,0.1706,0.3863,0.6137,0.0,0.6137,0.0,0.0,0.0,0.3863,0.6137
1117224,0.1887,0.4234,0.0,0.4234,0.1488,0.0545,0.1847,0.4036,0.5964,0.0,0.5964,0.0,0.0,0.0,0.4036,0.5964
1117225,0.1913,0.4312,0.0,0.4312,0.1505,0.051,0.176,0.4017,0.5983,0.0,0.5983,0.0,0.0,0.0,0.4017,0.5983
1117226,0.1897,0.4471,0.0,0.4471,0.1405,0.0517,0.171,0.39,0.61,0.0,0.61,0.0,0.0,0.0,0.39,0.61
1117227,0.187,0.4491,0.0,0.4491,0.135,0.0548,0.1742,0.3843,0.6157,0.0,0.6157,0.0,0.0,0.0,0.3843,0.6157
1117228,0.1866,0.4553,0.0,0.4553,0.1326,0.0536,0.172,0.3808,0.6192,0.0,0.6192,0.0,0.0,0.0,0.3808,0.6192
1117229,0.1923,0.4301,0.0,0.4301,0.1373,0.0546,0.1856,0.3967,0.6033,0.0,0.6033,0.0,0.0,0.0,0.3967,0.6033
1117230,0.1784,0.4445,0.0,0.4445,0.1358,0.059,0.1823,0.3845,0.6155,0.0,0.6155,0.0,0.0,0.0,0.3845,0.6155
1117231,0.1864,0.443,0.0,0.443,0.1333,0.0568,0.1806,0.3869,0.6131,0.0,0.6131,0.0,0.0,0.0,0.3869,0.6131
1117232,0.1837,0.4595,0.0,0.4595,0.1316,0.0543,0.1709,0.3765,0.6235,0.0,0.6235,0.0,0.0,0.0,0.3765,0.6235
1117233,0.1864,0.4498,0.0,0.4498,0.1315,0.0556,0.1766,0.3839,0.6161,0.0,0.6161,0.0,0.0,0.0,0.3839,0.6161
1117234,0.1931,0.4271,0.0,0.4271,0.1412,0.055,0.1836,0.4015,0.5985,0.0,0.5985,0.0,0.0,0.0,0.4015,0.5985
1117235,0.1935,0.4316,0.0,0.4316,0.1361,0.055,0.1837,0.3991,0.6009,0.0,0.6009,0.0,0.0,0.0,0.3991,0.6009
1117301,0.1983,0.4259,0.0,0.4259,0.1353,0.0543,0.1861,0.401,0.599,0.0,0.599,0.0,0.0,0.0,0.401,0.599
1117302,0.194,0.4434,0.0,0.4434,0.1287,0.0571,0.1767,0.3866,0.6134,0.0,0.6134,0.0,0.0,0.0,0.3866,0.6134
1117303,0.1964,0.42,0.0,0.42,0.1312,0.0582,0.1941,0.3989,0.6011,0.0,0.6011,0.0,0.0,0.0,0.3989,0.6011
1117304,0.1938,0.4319,0.0,0.4319,0.1315,0.0595,0.1833,0.3913,0.6087,0.0,0.6087,0.0,0.0,0.0,0.3913,0.6087
1117305,0.1921,0.4436,0.0,0.4436,0.1265,0.0584,0.1795,0.3839,0.6161,0.0,0.6161,0.0,0.0,0.0,0.3839,0.6161
1117306,0.1928,0.4274,0.0,0.4274,0.1269,0.059,0.1939,0.393,0.607,0.0,0.607,0.0,0.0,0.0,0.393,0.607
1117307,0.1967,0.4215,0.0,0.4215,0.1279,0.058,0.1959,0.3989,0.6011,0.0,0.6011,0.0,0.0,0.0,0.3989,0.6011
1117308,0.1898,0.438,0.0,0.438,0.1226,0.0588,0.1908,0.3869,0.6131,0.0,0.6131,0.0,0.0,0.0,0.3869,0.6131
1117309,0.1987,0.4251,0.0,0.4251,0.1246,0.0563,0.1953,0.3974,0.6026,0.0,0.6026,0.0,0.0,0.0,0.3974,0.6026
1117310,0.1946,0.4169,0.0,0.4169,0.1402,0.0576,0.1906,0.4051,0.5949,0.0,0.5949,0.0,0.0,0.0,0.4051,0.5949
1117311,0.1918,0.4329,0.0,0.4329,0.1394,0.0546,0.1814,0.3963,0.6037,0.0,0.6037,0.0,0.0,0.0,0.3963,0.6037
1117312,0.1944,0.4249,0.0,0.4249,0.1379,0.0564,0.1865,0.3995,0.6005,0.0,0.6005,0.0,0.0,0.0,0.3995,0.6005
1117313,0.1967,0.421,0.0,0.421,0.1345,0.0568,0.1909,0.4021,0.5979,0.0,0.5979,0.0,0.0,0.0,0.4021,0.5979
1117314,0.1954,0.4335,0.0,0.4335,0.1277,0.057,0.1864,0.3921,0.6079,0.0,0.6079,0.0,0.0,0.0,0.3921,0.6079
1117315,0.1945,0.4396,0.0,0.4396,0.1297,0.0574,0.1788,0.3883,0.6117,0.0,0.6117,0.0,0.0,0.0,0.3883,0.6117
1117316,0.1955,0.4373,0.0,0.4373,0.1355,0.055,0.1768,0.393,0.607,0.0,0.607,0.0,0.0,0.0,0.393,0.607
1117317,0.1967,0.4355,0.0,0.4355,0.1282,0.0576,0.1819,0.3906,0.6094,0.0,0.6094,0.0,0.0,0.0,0.3906,0.6094
1117318,0.194,0.4474,0.0,0.4474,0.1263,0.0556,0.1766,0.384,0.616,0.0,0.616,0.0,0.0,0.0,0.384,0.616
1117319,0.1969,0.433,0.0,0.433,0.1296,0.0568,0.1837,0.3934,0.6066,0.0,0.6066,0.0,0.0,0.0,0.3934,0.6066
1117320,0.1922,0.4434,0.0,0.4434,0.1346,0.0549,0.1749,0.3891,0.6109,0.0,0.6109,0.0,0.0,0.0,0.3891,0.6109
1117321,0.193,0.4498,0.0,0.4498,0.1289,0.055,0.1733,0.3838,0.6162,0.0,0.6162,0.0,0.0,0.0,0.3838,0.6162
1117322,0.1991,0.4295,0.0,0.4295,0.1309,0.0568,0.1837,0.3961,0.6039,0.0,0.6039,0.0,0.0,0.0,0.3961,0.6039
1117323,0.1921,0.451,0.0,0.451,0.1264,0.0557,0.1747,0.3813,0.6187,0.0,0.6187,0.0,0.0,0.0,0.3813,0.6187
1117324,0.1982,0.4207,0.0,0.4207,0.1301,0.0585,0.1925,0.4003,0.5997,0.0,0.5997,0.0,0.0,0.0,0.4003,0.5997
1117325,0.1905,0.4535,0.0,0.4535,0.1213,0.0569,0.1777,0.3784,0.6216,0.0,0.6216,0.0,0.0,0.0,0.3784,0.6216
1117326,0.1966,0.4154,0.0,0.4154,0.1429,0.0569,0.1882,0.4067,0.5933,0.0,0.5933,0.0,0.0,0.0,0.4067,0.5933
1117401,0.1895,0.45,0.0,0.45,0.1412,0.0511,0.1683,0.3903,0.6097,0.0,0.6097,0.0,0.0,0.0,0.3903,0.6097
1117402,0.1843,0.4519,0.0,0.4519,0.149,0.0505,0.1643,0.3872,0.6128,0.0,0.6128,0.0,0.0,0.0,0.3872,0.6128
1117403,0.1917,0.4343,0.0,0.4343,0.162,0.0469,0.165,0.406,0.594,0.0,0.594,0.0,0.0,0.0,0.406,0.594
1117404,0.1937,0.4294,0.0,0.4294,0.1605,0.0476,0.1689,0.41,0.59,0.0,0.59,0.0,0.0,0.0,0.41,0.59
1117405,0.1885,0.4578,0.0,0.4578,0.1395,0.05,0.1642,0.3847,0.6153,0.0,0.6153,0.0,0.0,0.0,0.3847,0.6153
1117406,0.1925,0.4397,0.0,0.4397,0.154,0.0476,0.1662,0.4027,0.5973,0.0,0.5973,0.0,0.0,0.0,0.4027,0.5973
1117407,0.1963,0.4248,0.0,0.4248,0.1579,0.0485,0.1726,0.4133,0.5867,0.0,0.5867,0.0,0.0,0.0,0.4133,0.5867
1117408,0.1947,0.4257,0.0,0.4257,0.1589,0.0487,0.1721,0.4138,0.5862,0.0,0.5862,0.0,0.0,0.0,0.4138,0.5862
1117409,0.1909,0.4402,0.0,0.4402,0.1514,0.0493,0.1683,0.4003,0.5997,0.0,0.5997,0.0,0.0,0.0,0.4003,0.5997
1117410,0.2003,0.4302,0.0,0.4302,0.1484,0.0475,0.1735,0.4109,0.5891,0.0,0.5891,0.0,0.0,0.0,0.4109,0.5891
1117411,0.1991,0.4327,0.0,0.4327,0.1471,0.0484,0.1726,0.4088,0.5912,0.0,0.5912,0.0,0.0,0.0,0.4088,0.5912
1117412,0.193,0.4547,0.0,0.4547,0.1354,0.0495,0.1674,0.3888,0.6112,0.0,0.6112,0.0,0.0,0.0,0.3888,0.6112
1117413,0.201,0.4352,0.0,0.4352,0.1502,0.0459,0.1678,0.4114,0.5886,0.0,0.5886,0.0,0.0,0.0,0.4114,0.5886
1117414,0.1722,0.5105,0.0,0.5105,0.1081,0.0554,0.1539,0.3392,0.6608,0.0,0.6608,0.0,0.0,0.0,0.3392,0.6608
1117415,0.1975,0.4443,0.0,0.4443,0.1438,0.047,0.1673,0.4017,0.5983,0.0,0.5983,0.0,0.0,0.0,0.4017,0.5983
1117416,0.1959,0.4453,0.0,0.4453,0.1397,0.0491,0.17,0.3971,0.6029,0.0,0.6029,0.0,0.0,0.0,0.3971,0.6029
1117417,0.197,0.4488,0.0,0.4488,0.1403,0.0475,0.1664,0.3963,0.6037,0.0,0.6037,0.0,0.0,0.0,0.3963,0.6037
1117418,0.1955,0.4459,0.0,0.4459,0.1395,0.0495,0.1696,0.3962,0.6038,0.0,0.6038,0.0,0.0,0.0,0.3962,0.6038
1117419,0.2002,0.4415,0.0,0.4415,0.1541,0.043,0.1612,0.4088,0.5912,0.0,0.5912,0.0,0.0,0.0,0.4088,0.5912
1117421,0.2111,0.3161,0.0,0.3161,0.2426,0.04,0.1902,0.52,0.48,0.0,0.48,0.0,0.0,0.0,0.52,0.48
1117423,0.1892,0.4414,0.0,0.4414,0.1497,0.0507,0.169,0.3957,0.6043,0.0,0.6043,0.0,0.0,0.0,0.3957,0.6043
1117424,0.1911,0.4349,0.0,0.4349,0.1399,0.0537,0.1804,0.3956,0.6044,0.0,0.6044,0.0,0.0,0.0,0.3956,0.6044
1117425,0.1935,0.4281,0.0,0.4281,0.1546,0.0498,0.174,0.4052,0.5948,0.0,0.5948,0.0,0.0,0.0,0.4052,0.5948
1117426,0.1921,0.4244,0.0,0.4244,0.1665,0.0476,0.1694,0.4121,0.5879,0.0,0.5879,0.0,0.0,0.0,0.4121,0.5879
1117427,0.1881,0.4491,0.0,0.4491,0.155,0.0475,0.1602,0.3943,0.6057,0.0,0.6057,0.0,0.0,0.0,0.3943,0.6057
1117428,0.1904,0.4289,0.0,0.4289,0.1669,0.0472,0.1666,0.4088,0.5912,0.0,0.5912,0.0,0.0,0.0,0.4088,0.5912
1117429,0.1915,0.4501,0.0,0.4501,0.138,0.0509,0.1695,0.391,0.609,0.0,0.609,0.0,0.0,0.0,0.391,0.609
1117501,0.1617,0.4671,0.0,0.4671,0.1005,0.0732,0.1974,0.3341,0.6659,0.0,0.6659,0.0,0.0,0.0,0.3341,0.6659
1117502,0.1615,0.4639,0.0,0.4639,0.1035,0.0732,0.1978,0.3361,0.6639,0.0,0.6639,0.0,0.0,0.0,0.3361,0.6639
1117503,0.1633,0.465,0.0,0.465,0.1017,0.0724,0.1976,0.337,0.663,0.0,0.663,0.0,0.0,0.0,0.337,0.663
1117504,0.1649,0.4505,0.0,0.4505,0.108,0.0737,0.2029,0.3454,0.6546,0.0,0.6546,0.0,0.0,0.0,0.3454,0.6546
1117505,0.1732,0.5031,0.0,0.5031,0.0703,0.0662,0.1872,0.3226,0.6774,0.0,0.6774,0.0,0.0,0.0,0.3226,0.6774
1117506,0.1748,0.4809,0.0,0.4809,0.1199,0.0544,0.17,0.3556,0.6444,0.0,0.6444,0.0,0.0,0.0,0.3556,0.6444
1117507,0.1723,0.4842,0.0,0.4842,0.1205,0.055,0.168,0.351,0.649,0.0,0.649,0.0,0.0,0.0,0.351,0.649
1117508,0.1704,0.4927,0.0,0.4927,0.1218,0.0532,0.162,0.347,0.653,0.0,0.653,0.0,0.0,0.0,0.347,0.653
1117509,0.1742,0.4987,0.0,0.4987,0.0739,0.0659,0.1873,0.3266,0.6734,0.0,0.6734,0.0,0.0,0.0,0.3266,0.6734
1117511,0.1726,0.5067,0.0,0.5067,0.069,0.0662,0.1855,0.3201,0.6799,0.0,0.6799,0.0,0.0,0.0,0.3201,0.6799
1117512,0.1718,0.5036,0.0,0.5036,0.0764,0.0645,0.1837,0.3244,0.6756,0.0,0.6756,0.0,0.0,0.0,0.3244,0.6756
1117513,0.1728,0.501,0.0,0.501,0.0828,0.0628,0.1806,0.3304,0.6696,0.0,0.6696,0.0,0.0,0.0,0.3304,0.6696
1117514,0.1487,0.4938,0.0,0.4938,0.0947,0.0668,0.1961,0.3158,0.6842,0.0,0.6842,0.0,0.0,0.0,0.3158,0.6842
1117515,0.1536,0.5102,0.0,0.5102,0.0842,0.0658,0.1862,0.3108,0.6892,0.0,0.6892,0.0,0.0,0.0,0.3108,0.6892
1117516,0.1526,0.5147,0.0,0.5147,0.0862,0.0636,0.1828,0.3044,0.6956,0.0,0.6956,0.0,0.0,0.0,0.3044,0.6956
1117517,0.138,0.5119,0.0,0.5119,0.08,0.0755,0.1947,0.2989,0.7011,0.0,0.7011,0.0,0.0,0.0,0.2989,0.7011
1117518,0.1454,0.5365,0.0,0.5365,0.0802,0.0593,0.1786,0.286,0.714,0.0,0.714,0.0,0.0,0.0,0.286,0.714
1117519,0.1504,0.531,0.0,0.531,0.0803,0.0599,0.1784,0.2933,0.7067,0.0,0.7067,0.0,0.0,0.0,0.2933,0.7067
1117520,0.1213,0.6056,0.0,0.6056,0.0624,0.0598,0.1509,0.2385,0.7615,0.0,0.7615,0.0,0.0,0.0,0.2385,0.7615
1117521,0.1821,0.471,0.0,0.471,0.0815,0.0686,0.1967,0.3456,0.6544,0.0,0.6544,0.0,0.0,0.0,0.3456,0.6544
1117522,0.1901,0.4668,0.0,0.4668,0.0676,0.0749,0.2006,0.3478,0.6522,0.0,0.6522,0.0,0.0,0.0,0.3478,0.6522
1117523,0.1914,0.457,0.0,0.457,0.0711,0.076,0.2044,0.353,0.647,0.0,0.647,0.0,0.0,0.0,0.353,0.647
1117524,0.1903,0.4573,0.0,0.4573,0.0701,0.0765,0.2059,0.3506,0.6494,0.0,0.6494,0.0,0.0,0.0,0.3506,0.6494
1117525,0.1837,0.4709,0.0,0.4709,0.0731,0.073,0.1993,0.342,0.658,0.0,0.658,0.0,0.0,0.0,0.342,0.658
1117526,0.1695,0.4998,0.0,0.4998,0.0669,0.0738,0.19,0.2998,0.7002,0.0,0.7002,0.0,0.0,0.0,0.2998,0.7002
1117527,0.1714,0.5013,0.0,0.5013,0.0641,0.074,0.1892,0.2999,0.7001,0.0,0.7001,0.0,0.0,0.0,0.2999,0.7001
1117528,0.1711,0.5003,0.0,0.5003,0.0677,0.0732,0.1877,0.302,0.698,0.0,0.698,0.0,0.0,0.0,0.302,0.698
1117529,0.1582,0.4681,0.0,0.4681,0.0994,0.0753,0.1989,0.3304,0.6696,0.0,0.6696,0.0,0.0,0.0,0.3304,0.6696
1117531,0.1719,0.5,0.0,0.5,0.1021,0.0571,0.169,0.3386,0.6614,0.0,0.6614,0.0,0.0,0.0,0.3386,0.6614
1117532,0.1707,0.5089,0.0,0.5089,0.076,0.0638,0.1806,0.3219,0.6781,0.0,0.6781,0.0,0.0,0.0,0.3219,0.6781
1117533,0.1728,0.4814,0.0,0.4814,0.11,0.0594,0.1764,0.3492,0.6508,0.0,0.6508,0.0,0.0,0.0,0.3492,0.6508
1117534,0.1299,0.5003,0.0,0.5003,0.0851,0.0734,0.2113,0.2933,0.7067,0.0,0.7067,0.0,0.0,0.0,0.2933,0.7067
1117535,0.178,0.4867,0.0,0.4867,0.0852,0.0628,0.1873,0.3393,0.6607,0.0,0.6607,0.0,0.0,0.0,0.3393,0.6607
1117601,0.194,0.4372,0.0,0.4372,0.1217,0.059,0.1881,0.3927,0.6073,0.0,0.6073,0.0,0.0,0.0,0.3927,0.6073
1117602,0.1975,0.4266,0.0,0.4266,0.1231,0.0579,0.195,0.4001,0.5999,0.0,0.5999,0.0,0.0,0.0,0.4001,0.5999
1117603,0.1957,0.4299,0.0,0.4299,0.1226,0.0584,0.1934,0.3957,0.6043,0.0,0.6043,0.0,0.0,0.0,0.3957,0.6043
1117604,0.1985,0.4127,0.0,0.4127,0.1218,0.0606,0.2064,0.4065,0.5935,0.0,0.5935,0.0,0.0,0.0,0.4065,0.5935
1117605,0.1974,0.4162,0.0,0.4162,0.1196,0.0603,0.2064,0.4036,0.5964,0.0,0.5964,0.0,0.0,0.0,0.4036,0.5964
1117606,0.1986,0.4217,0.0,0.4217,0.1205,0.0585,0.2008,0.4009,0.5991,0.0,0.5991,0.0,0.0,0.0,0.4009,0.5991
1117607,0.1938,0.4291,0.0,0.4291,0.127,0.0597,0.1905,0.3946,0.6054,0.0,0.6054,0.0,0.0,0.0,0.3946,0.6054
1117608,0.1979,0.4194,0.0,0.4194,0.1315,0.0589,0.1924,0.4033,0.5967,0.0,0.5967,0.0,0.0,0.0,0.4033,0.5967
1117609,0.1964,0.4219,0.0,0.4219,0.1285,0.0595,0.1937,0.3997,0.6003,0.0,0.6003,0.0,0.0,0.0,0.3997,0.6003
1117610,0.1937,0.4314,0.0,0.4314,0.1222,0.0599,0.1928,0.3922,0.6078,0.0,0.6078,0.0,0.0,0.0,0.3922,0.6078
1117611,0.1966,0.4256,0.0,0.4256,0.1246,0.0575,0.1957,0.3986,0.6014,0.0,0.6014,0.0,0.0,0.0,0.3986,0.6014
1117612,0.1897,0.4476,0.0,0.4476,0.1186,0.0578,0.1863,0.3827,0.6173,0.0,0.6173,0.0,0.0,0.0,0.3827,0.6173
1117613,0.1934,0.43,0.0,0.43,0.1222,0.0601,0.1944,0.3925,0.6075,0.0,0.6075,0.0,0.0,0.0,0.3925,0.6075
1117614,0.1954,0.4206,0.0,0.4206,0.1273,0.0583,0.1984,0.3978,0.6022,0.0,0.6022,0.0,0.0,0.0,0.3978,0.6022
1117615,0.1939,0.4259,0.0,0.4259,0.1256,0.0579,0.1967,0.395,0.605,0.0,0.605,0.0,0.0,0.0,0.395,0.605
1117616,0.1899,0.4417,0.0,0.4417,0.1214,0.0568,0.1902,0.3853,0.6147,0.0,0.6147,0.0,0.0,0.0,0.3853,0.6147
1117617,0.1962,0.4028,0.0,0.4028,0.1314,0.0613,0.2083,0.4019,0.5981,0.0,0.5981,0.0,0.0,0.0,0.4019,0.5981
1117618,0.1951,0.41,0.0,0.41,0.1294,0.0607,0.2047,0.3981,0.6019,0.0,0.6019,0.0,0.0,0.0,0.3981,0.6019
1117619,0.1949,0.4296,0.0,0.4296,0.1222,0.0574,0.1959,0.3898,0.6102,0.0,0.6102,0.0,0.0,0.0,0.3898,0.6102
1117620,0.1951,0.4033,0.0,0.4033,0.1302,0.0621,0.2094,0.4009,0.5991,0.0,0.5991,0.0,0.0,0.0,0.4009,0.5991
1117621,0.1942,0.4302,0.0,0.4302,0.1249,0.059,0.1917,0.393,0.607,0.0,0.607,0.0,0.0,0.0,0.393,0.607
1117622,0.1941,0.4283,0.0,0.4283,0.1266,0.0596,0.1914,0.3942,0.6058,0.0,0.6058,0.0,0.0,0.0,0.3942,0.6058
1117623,0.1941,0.429,0.0,0.429,0.1284,0.0589,0.1896,0.3947,0.6053,0.0,0.6053,0.0,0.0,0.0,0.3947,0.6053
1117624,0.1958,0.432,0.0,0.432,0.1281,0.0577,0.1864,0.3934,0.6066,0.0,0.6066,0.0,0.0,0.0,0.3934,0.6066
1117625,0.1959,0.4293,0.0,0.4293,0.1261,0.0583,0.1905,0.3983,0.6017,0.0,0.6017,0.0,0.0,0.0,0.3983,0.6017
1117626,0.1816,0.4408,0.0,0.4408,0.116,0.0617,0.1999,0.3727,0.6273,0.0,0.6273,0.0,0.0,0.0,0.3727,0.6273
1117627,0.1968,0.4224,0.0,0.4224,0.1142,0.0597,0.207,0.4014,0.5986,0.0,0.5986,0.0,0.0,0.0,0.4014,0.5986
1117628,0.1964,0.4265,0.0,0.4265,0.1336,0.0573,0.1861,0.399,0.601,0.0,0.601,0.0,0.0,0.0,0.399,0.601
1117629,0.1826,0.4769,0.0,0.4769,0.1074,0.0558,0.1773,0.3617,0.6383,0.0,0.6383,0.0,0.0,0.0,0.3617,0.6383
1117630,0.1964,0.4275,0.0,0.4275,0.1227,0.057,0.1964,0.3973,0.6027,0.0,0.6027,0.0,0.0,0.0,0.3973,0.6027
1117631,0.1977,0.4209,0.0,0.4209,0.1253,0.0605,0.1956,0.4061,0.5939,0.0,0.5939,0.0,0.0,0.0,0.4061,0.5939
1117632,0.2001,0.4166,0.0,0.4166,0.1235,0.0623,0.1974,0.4096,0.5904,0.0,0.5904,0.0,0.0,0.0,0.4096,0.5904
1117633,0.2006,0.4176,0.0,0.4176,0.1257,0.061,0.195,0.4091,0.5909,0.0,0.5909,0.0,0.0,0.0,0.4091,0.5909
1117634,0.1958,0.4252,0.0,0.4252,0.1204,0.059,0.1997,0.3998,0.6002,0.0,0.6002,0.0,0.0,0.0,0.3998,0.6002
1117635,0.1969,0.4294,0.0,0.4294,0.1145,0.0579,0.2013,0.3982,0.6018,0.0,0.6018,0.0,0.0,0.0,0.3982,0.6018
1117636,0.1987,0.4183,0.0,0.4183,0.1175,0.0594,0.206,0.4053,0.5947,0.0,0.5947,0.0,0.0,0.0,0.4053,0.5947
1117701,0.1528,0.529,0.0,0.529,0.0746,0.0561,0.1874,0.2894,0.7106,0.0,0.7106,0.0,0.0,0.0,0.2894,0.7106
1117702,0.1511,0.5352,0.0,0.5352,0.0701,0.056,0.1876,0.2841,0.7159,0.0,0.7159,0.0,0.0,0.0,0.2841,0.7159
1117703,0.1496,0.5342,0.0,0.5342,0.0687,0.0552,0.1922,0.2801,0.7199,0.0,0.7199,0.0,0.0,0.0,0.2801,0.7199
1117704,0.1486,0.5408,0.0,0.5408,0.0625,0.0549,0.1932,0.2737,0.7263,0.0,0.7263,0.0,0.0,0.0,0.2737,0.7263
1117705,0.1467,0.5408,0.0,0.5408,0.0632,0.0547,0.1946,0.2723,0.7277,0.0,0.7277,0.0,0.0,0.0,0.2723,0.7277
1117706,0.1548,0.5212,0.0,0.5212,0.078,0.0567,0.1893,0.2959,0.7041,0.0,0.7041,0.0,0.0,0.0,0.2959,0.7041
1117707,0.1462,0.5403,0.0,0.5403,0.0576,0.0552,0.2007,0.268,0.732,0.0,0.732,0.0,0.0,0.0,0.268,0.732
1117708,0.1429,0.553,0.0,0.553,0.0541,0.0542,0.1958,0.2598,0.7402,0.0,0.7402,0.0,0.0,0.0,0.2598,0.7402
1117709,0.1473,0.545,0.0,0.545,0.0606,0.055,0.192,0.2705,0.7295,0.0,0.7295,0.0,0.0,0.0,0.2705,0.7295
1117710,0.1659,0.5144,0.0,0.5144,0.1116,0.0617,0.1465,0.331,0.669,0.0,0.669,0.0,0.0,0.0,0.331,0.669
1117711,0.173,0.4872,0.0,0.4872,0.1202,0.0605,0.159,0.352,0.648,0.0,0.648,0.0,0.0,0.0,0.352,0.648
1117712,0.148,0.5452,0.0,0.5452,0.0641,0.0546,0.1881,0.2735,0.7265,0.0,0.7265,0.0,0.0,0.0,0.2735,0.7265
1117801,0.1507,0.5281,0.0,0.5281,0.07,0.0576,0.1936,0.2927,0.7073,0.0,0.7073,0.0,0.0,0.0,0.2927,0.7073
1117802,0.149,0.5307,0.0,0.5307,0.0682,0.0577,0.1944,0.2895,0.7105,0.0,0.7105,0.0,0.0,0.0,0.2895,0.7105
1117803,0.1469,0.5355,0.0,0.5355,0.0662,0.0584,0.1931,0.2876,0.7124,0.0,0.7124,0.0,0.0,0.0,0.2876,0.7124
1117804,0.1562,0.5193,0.0,0.5193,0.0761,0.0577,0.1907,0.3024,0.6976,0.0,0.6976,0.0,0.0,0.0,0.3024,0.6976
1117805,0.1533,0.5214,0.0,0.5214,0.0732,0.0576,0.1945,0.2975,0.7025,0.0,0.7025,0.0,0.0,0.0,0.2975,0.7025
1117806,0.1502,0.5273,0.0,0.5273,0.058,0.0541,0.2103,0.2754,0.7246,0.0,0.7246,0.0,0.0,0.0,0.2754,0.7246
1117807,0.1597,0.5104,0.0,0.5104,0.0654,0.058,0.2064,0.2996,0.7004,0.0,0.7004,0.0,0.0,0.0,0.2996,0.7004
1117808,0.1578,0.5057,0.0,0.5057,0.0791,0.0581,0.1993,0.3085,0.6915,0.0,0.6915,0.0,0.0,0.0,0.3085,0.6915
1117809,0.1406,0.5376,0.0,0.5376,0.0582,0.0573,0.2064,0.275,0.725,0.0,0.725,0.0,0.0,0.0,0.275,0.725
1117810,0.1707,0.4534,0.0,0.4534,0.0757,0.0723,0.2278,0.3412,0.6588,0.0,0.6588,0.0,0.0,0.0,0.3412,0.6588
1117811,0.1584,0.5042,0.0,0.5042,0.0527,0.0657,0.2191,0.3013,0.6987,0.0,0.6987,0.0,0.0,0.0,0.3013,0.6987
1117812,0.1637,0.4954,0.0,0.4954,0.0647,0.0662,0.21,0.315,0.685,0.0,0.685,0.0,0.0,0.0,0.315,0.685
1117813,0.1594,0.5101,0.0,0.5101,0.0622,0.058,0.2104,0.2971,0.7029,0.0,0.7029,0.0,0.0,0.0,0.2971,0.7029
1117814,0.1621,0.5049,0.0,0.5049,0.0714,0.0584,0.2032,0.3067,0.6933,0.0,0.6933,0.0,0.0,0.0,0.3067,0.6933
1117815,0.1592,0.5179,0.0,0.5179,0.0687,0.058,0.1962,0.3005,0.6995,0.0,0.6995,0.0,0.0,0.0,0.3005,0.6995
1117816,0.1552,0.5294,0.0,0.5294,0.0639,0.0566,0.1949,0.2892,0.7108,0.0,0.7108,0.0,0.0,0.0,0.2892,0.7108
1117817,0.1596,0.5068,0.0,0.5068,0.0645,0.059,0.2102,0.3008,0.6992,0.0,0.6992,0.0,0.0,0.0,0.3008,0.6992
1117818,0.1608,0.5008,0.0,0.5008,0.0594,0.0646,0.2143,0.3065,0.6935,0.0,0.6935,0.0,0.0,0.0,0.3065,0.6935
1117819,0.1617,0.4973,0.0,0.4973,0.0742,0.0614,0.2054,0.3119,0.6881,0.0,0.6881,0.0,0.0,0.0,0.3119,0.6881
1117820,0.1608,0.5071,0.0,0.5071,0.074,0.0611,0.197,0.3096,0.6904,0.0,0.6904,0.0,0.0,0.0,0.3096,0.6904
1117821,0.1477,0.5374,0.0,0.5374,0.0668,0.0578,0.1903,0.2867,0.7133,0.0,0.7133,0.0,0.0,0.0,0.2867,0.7133
1117822,0.1494,0.5316,0.0,0.5316,0.0679,0.0571,0.194,0.2882,0.7118,0.0,0.7118,0.0,0.0,0.0,0.2882,0.7118
1117901,0.1527,0.5435,0.0,0.5435,0.0786,0.0557,0.1695,0.2882,0.7118,0.0,0.7118,0.0,0.0,0.0,0.2882,0.7118
1117902,0.1584,0.5202,0.0,0.5202,0.0641,0.0575,0.1997,0.2955,0.7045,0.0,0.7045,0.0,0.0,0.0,0.2955,0.7045
1117903,0.146,0.5691,0.0,0.5691,0.068,0.051,0.1659,0.2589,0.7411,0.0,0.7411,0.0,0.0,0.0,0.2589,0.7411
1117904,0.1583,0.524,0.0,0.524,0.0766,0.0582,0.183,0.3033,0.6967,0.0,0.6967,0.0,0.0,0.0,0.3033,0.6967
1117905,0.1586,0.5063,0.0,0.5063,0.0779,0.0546,0.2026,0.2988,0.7012,0.0,0.7012,0.0,0.0,0.0,0.2988,0.7012
1117906,0.1654,0.5196,0.0,0.5196,0.0884,0.0587,0.1679,0.3196,0.6804,0.0,0.6804,0.0,0.0,0.0,0.3196,0.6804
1117907,0.1677,0.4972,0.0,0.4972,0.1198,0.0567,0.1587,0.3321,0.6679,0.0,0.6679,0.0,0.0,0.0,0.3321,0.6679
1117908,0.1448,0.5267,0.0,0.5267,0.0834,0.0555,0.1896,0.2782,0.7218,0.0,0.7218,0.0,0.0,0.0,0.2782,0.7218
1117909,0.1478,0.5144,0.0,0.5144,0.0943,0.0556,0.1879,0.2896,0.7104,0.0,0.7104,0.0,0.0,0.0,0.2896,0.7104
1117910,0.1461,0.5168,0.0,0.5168,0.0937,0.0552,0.1882,0.2841,0.7159,0.0,0.7159,0.0,0.0,0.0,0.2841,0.7159
1117911,0.1798,0.4851,0.0,0.4851,0.0891,0.0549,0.1911,0.3181,0.6819,0.0,0.6819,0.0,0.0,0.0,0.3181,0.6819
1118001,0.1931,0.4894,0.0,0.4894,0.0613,0.062,0.1942,0.3354,0.6646,0.0,0.6646,0.0,0.0,0.0,0.3354,0.6646
1118002,0.1947,0.4806,0.0,0.4806,0.0677,0.0633,0.1937,0.3417,0.6583,0.0,0.6583,0.0,0.0,0.0,0.3417,0.6583
1118003,0.1927,0.4953,0.0,0.4953,0.0654,0.0637,0.1828,0.3322,0.6678,0.0,0.6678,0.0,0.0,0.0,0.3322,0.6678
1118004,0.1903,0.4901,0.0,0.4901,0.0675,0.0617,0.1904,0.3363,0.6637,0.0,0.6637,0.0,0.0,0.0,0.3363,0.6637
1118005,0.1908,0.4935,0.0,0.4935,0.0632,0.0619,0.1906,0.3339,0.6661,0.0,0.6661,0.0,0.0,0.0,0.3339,0.6661
1118006,0.1967,0.4792,0.0,0.4792,0.063,0.0632,0.1979,0.3429,0.6571,0.0,0.6571,0.0,0.0,0.0,0.3429,0.6571
1118007,0.1924,0.4854,0.0,0.4854,0.0665,0.0614,0.1943,0.3391,0.6609,0.0,0.6609,0.0,0.0,0.0,0.3391,0.6609
1118008,0.1913,0.4881,0.0,0.4881,0.0648,0.0628,0.193,0.3368,0.6632,0.0,0.6632,0.0,0.0,0.0,0.3368,0.6632
1118009,0.1938,0.4853,0.0,0.4853,0.0657,0.0614,0.1938,0.3391,0.6609,0.0,0.6609,0.0,0.0,0.0,0.3391,0.6609
1118010,0.1935,0.4843,0.0,0.4843,0.0671,0.0614,0.1937,0.3407,0.6593,0.0,0.6593,0.0,0.0,0.0,0.3407,0.6593
1118011,0.1937,0.4865,0.0,0.4865,0.0628,0.063,0.194,0.3379,0.6621,0.0,0.6621,0.0,0.0,0.0,0.3379,0.6621
1118012,0.1957,0.4853,0.0,0.4853,0.0612,0.0619,0.196,0.3393,0.6607,0.0,0.6607,0.0,0.0,0.0,0.3393,0.6607
1118013,0.1935,0.4876,0.0,0.4876,0.0645,0.063,0.1913,0.337,0.663,0.0,0.663,0.0,0.0,0.0,0.337,0.663
1118014,0.1961,0.4995,0.0,0.4995,0.0497,0.0561,0.1985,0.3315,0.6685,0.0,0.6685,0.0,0.0,0.0,0.3315,0.6685
1118015,0.1987,0.4997,0.0,0.4997,0.0543,0.0639,0.1835,0.3277,0.6723,0.0,0.6723,0.0,0.0,0.0,0.3277,0.6723
1118017,0.1948,0.4871,0.0,0.4871,0.0607,0.0616,0.1958,0.3378,0.6622,0.0,0.6622,0.0,0.0,0.0,0.3378,0.6622
1118018,0.193,0.4861,0.0,0.4861,0.0651,0.0638,0.1919,0.338,0.662,0.0,0.662,0.0,0.0,0.0,0.338,0.662
1118019,0.1873,0.4912,0.0,0.4912,0.0787,0.0619,0.1809,0.3365,0.6635,0.0,0.6635,0.0,0.0,0.0,0.3365,0.6635
1118020,0.1906,0.4985,0.0,0.4985,0.0682,0.0635,0.1792,0.3301,0.6699,0.0,0.6699,0.0,0.0,0.0,0.3301,0.6699
1118021,0.194,0.4981,0.0,0.4981,0.0632,0.0642,0.1805,0.3303,0.6697,0.0,0.6697,0.0,0.0,0.0,0.3303,0.6697
1118101,0.1811,0.4598,0.0,0.4598,0.1101,0.0602,0.1888,0.3583,0.6417,0.0,0.6417,0.0,0.0,0.0,0.3583,0.6417
1118102,0.179,0.4618,0.0,0.4618,0.1089,0.0598,0.1904,0.3542,0.6458,0.0,0.6458,0.0,0.0,0.0,0.3542,0.6458
1118103,0.1787,0.484,0.0,0.484,0.0866,0.0599,0.1908,0.3377,0.6623,0.0,0.6623,0.0,0.0,0.0,0.3377,0.6623
1118104,0.1882,0.4859,0.0,0.4859,0.0732,0.062,0.1907,0.3391,0.6609,0.0,0.6609,0.0,0.0,0.0,0.3391,0.6609
1118105,0.1501,0.564,0.0,0.564,0.0707,0.0598,0.1555,0.283,0.717,0.0,0.717,0.0,0.0,0.0,0.283,0.717
1118106,0.1779,0.4988,0.0,0.4988,0.0695,0.0626,0.1911,0.3245,0.6755,0.0,0.6755,0.0,0.0,0.0,0.3245,0.6755
1118108,0.1731,0.4998,0.0,0.4998,0.086,0.0591,0.182,0.3288,0.6712,0.0,0.6712,0.0,0.0,0.0,0.3288,0.6712
1118109,0.1732,0.5024,0.0,0.5024,0.0848,0.059,0.1805,0.3284,0.6716,0.0,0.6716,0.0,0.0,0.0,0.3284,0.6716
1118110,0.1658,0.5168,0.0,0.5168,0.0744,0.0654,0.1776,0.3092,0.6908,0.0,0.6908,0.0,0.0,0.0,0.3092,0.6908
1118111,0.1507,0.5425,0.0,0.5425,0.0686,0.0616,0.1767,0.2878,0.7122,0.0,0.7122,0.0,0.0,0.0,0.2878,0.7122
1118112,0.127,0.5549,0.0,0.5549,0.059,0.0635,0.1956,0.2545,0.7455,0.0,0.7455,0.0,0.0,0.0,0.2545,0.7455
1118113,0.1734,0.5009,0.0,0.5009,0.0842,0.0594,0.1821,0.3291,0.6709,0.0,0.6709,0.0,0.0,0.0,0.3291,0.6709
1118114,0.1724,0.5067,0.0,0.5067,0.0838,0.0579,0.1792,0.3248,0.6752,0.0,0.6752,0.0,0.0,0.0,0.3248,0.6752
1118115,0.1722,0.5065,0.0,0.5065,0.0808,0.0592,0.1813,0.3239,0.6761,0.0,0.6761,0.0,0.0,0.0,0.3239,0.6761
1118116,0.1722,0.506,0.0,0.506,0.0838,0.0588,0.1793,0.3259,0.6741,0.0,0.6741,0.0,0.0,0.0,0.3259,0.6741
1118117,0.1753,0.5003,0.0,0.5003,0.0813,0.0589,0.1843,0.3276,0.6724,0.0,0.6724,0.0,0.0,0.0,0.3276,0.6724
1118118,0.1769,0.4703,0.0,0.4703,0.1041,0.0598,0.189,0.3479,0.6521,0.0,0.6521,0.0,0.0,0.0,0.3479,0.6521
1118119,0.1795,0.4658,0.0,0.4658,0.1083,0.06,0.1864,0.3544,0.6456,0.0,0.6456,0.0,0.0,0.0,0.3544,0.6456
1118120,0.1784,0.4674,0.0,0.4674,0.1096,0.0598,0.1847,0.353,0.647,0.0,0.647,0.0,0.0,0.0,0.353,0.647
1118201,0.151,0.4842,0.0,0.4842,0.0591,0.0797,0.226,0.3128,0.6872,0.0,0.6872,0.0,0.0,0.0,0.3128,0.6872
1118202,0.1595,0.4736,0.0,0.4736,0.0443,0.076,0.2466,0.3102,0.6898,0.0,0.6898,0.0,0.0,0.0,0.3102,0.6898
1118203,0.1588,0.4828,0.0,0.4828,0.0562,0.0761,0.2262,0.3135,0.6865,0.0,0.6865,0.0,0.0,0.0,0.3135,0.6865
1118204,0.1506,0.4938,0.0,0.4938,0.0546,0.079,0.222,0.3067,0.6933,0.0,0.6933,0.0,0.0,0.0,0.3067,0.6933
1118205,0.1501,0.4872,0.0,0.4872,0.0539,0.081,0.2277,0.309,0.691,0.0,0.691,0.0,0.0,0.0,0.309,0.691
1118206,0.1483,0.4941,0.0,0.4941,0.0536,0.0809,0.2231,0.3054,0.6946,0.0,0.6946,0.0,0.0,0.0,0.3054,0.6946
1118207,0.1585,0.4817,0.0,0.4817,0.0684,0.0742,0.2172,0.3178,0.6822,0.0,0.6822,0.0,0.0,0.0,0.3178,0.6822
1118208,0.1558,0.4843,0.0,0.4843,0.0512,0.0814,0.2273,0.3133,0.6867,0.0,0.6867,0.0,0.0,0.0,0.3133,0.6867
1118209,0.1597,0.4767,0.0,0.4767,0.058,0.0768,0.2288,0.3168,0.6832,0.0,0.6832,0.0,0.0,0.0,0.3168,0.6832
1118210,0.1591,0.4816,0.0,0.4816,0.0547,0.0809,0.2236,0.3212,0.6788,0.0,0.6788,0.0,0.0,0.0,0.3212,0.6788
1118211,0.1625,0.4664,0.0,0.4664,0.0495,0.0847,0.2369,0.3287,0.6713,0.0,0.6713,0.0,0.0,0.0,0.3287,0.6713
1118212,0.1638,0.4691,0.0,0.4691,0.0533,0.0817,0.2322,0.3286,0.6714,0.0,0.6714,0.0,0.0,0.0,0.3286,0.6714
1118213,0.1615,0.4748,0.0,0.4748,0.0544,0.0803,0.229,0.3236,0.6764,0.0,0.6764,0.0,0.0,0.0,0.3236,0.6764
1118214,0.1611,0.4728,0.0,0.4728,0.0556,0.0814,0.2291,0.3237,0.6763,0.0,0.6763,0.0,0.0,0.0,0.3237,0.6763
1118215,0.1582,0.4775,0.0,0.4775,0.0559,0.0799,0.2285,0.3186,0.6814,0.0,0.6814,0.0,0.0,0.0,0.3186,0.6814
1118216,0.1568,0.4929,0.0,0.4929,0.0626,0.0757,0.212,0.3123,0.6877,0.0,0.6877,0.0,0.0,0.0,0.3123,0.6877
1118217,0.1591,0.4826,0.0,0.4826,0.0582,0.0754,0.2247,0.3136,0.6864,0.0,0.6864,0.0,0.0,0.0,0.3136,0.6864
1118218,0.1597,0.4811,0.0,0.4811,0.0552,0.0749,0.2291,0.3136,0.6864,0.0,0.6864,0.0,0.0,0.0,0.3136,0.6864
1118219,0.1575,0.4863,0.0,0.4863,0.0567,0.0759,0.2237,0.311,0.689,0.0,0.689,0.0,0.0,0.0,0.311,0.689
1118220,0.1558,0.4859,0.0,0.4859,0.0521,0.0777,0.2286,0.3084,0.6916,0.0,0.6916,0.0,0.0,0.0,0.3084,0.6916
1118221,0.159,0.482,0.0,0.482,0.0628,0.075,0.2212,0.3157,0.6843,0.0,0.6843,0.0,0.0,0.0,0.3157,0.6843
1118222,0.1592,0.4823,0.0,0.4823,0.0578,0.0747,0.2259,0.3135,0.6865,0.0,0.6865,0.0,0.0,0.0,0.3135,0.6865
1118224,0.1612,0.4753,0.0,0.4753,0.061,0.0785,0.224,0.3225,0.6775,0.0,0.6775,0.0,0.0,0.0,0.3225,0.6775
1118301,0.1305,0.5115,0.0,0.5115,0.0576,0.0896,0.2108,0.2781,0.7219,0.0,0.7219,0.0,0.0,0.0,0.2781,0.7219
1118302,0.1576,0.4981,0.0,0.4981,0.0547,0.0543,0.2353,0.3068,0.6932,0.0,0.6932,0.0,0.0,0.0,0.3068,0.6932
1118303,0.1576,0.4944,0.0,0.4944,0.0566,0.0527,0.2386,0.3085,0.6915,0.0,0.6915,0.0,0.0,0.0,0.3085,0.6915
1118304,0.1502,0.4763,0.0,0.4763,0.0958,0.0645,0.2132,0.3101,0.6899,0.0,0.6899,0.0,0.0,0.0,0.3101,0.6899
1118305,0.1428,0.4852,0.0,0.4852,0.0789,0.0671,0.226,0.3021,0.6979,0.0,0.6979,0.0,0.0,0.0,0.3021,0.6979
1118306,0.1481,0.4784,0.0,0.4784,0.0923,0.0648,0.2164,0.308,0.692,0.0,0.692,0.0,0.0,0.0,0.308,0.692
1118307,0.1309,0.4717,0.0,0.4717,0.0528,0.111,0.2336,0.3322,0.6678,0.0,0.6678,0.0,0.0,0.0,0.3322,0.6678
1118308,0.1288,0.462,0.0,0.462,0.0583,0.0849,0.2659,0.2898,0.7102,0.0,0.7102,0.0,0.0,0.0,0.2898,0.7102
1118309,0.1223,0.5116,0.0,0.5116,0.0712,0.0857,0.2091,0.2749,0.7251,0.0,0.7251,0.0,0.0,0.0,0.2749,0.7251
1118310,0.1499,0.4812,0.0,0.4812,0.093,0.0719,0.2039,0.3006,0.6994,0.0,0.6994,0.0,0.0,0.0,0.3006,0.6994
1118311,0.1614,0.4927,0.0,0.4927,0.0866,0.0676,0.1916,0.3204,0.6796,0.0,0.6796,0.0,0.0,0.0,0.3204,0.6796
1118312,0.165,0.5125,0.0,0.5125,0.0819,0.0697,0.1709,0.3053,0.6947,0.0,0.6947,0.0,0.0,0.0,0.3053,0.6947
1118313,0.1439,0.4754,0.0,0.4754,0.0793,0.0844,0.2171,0.3165,0.6835,0.0,0.6835,0.0,0.0,0.0,0.3165,0.6835
1118314,0.148,0.4945,0.0,0.4945,0.0617,0.0831,0.2127,0.3075,0.6925,0.0,0.6925,0.0,0.0,0.0,0.3075,0.6925
1118315,0.1495,0.488,0.0,0.488,0.0907,0.0639,0.2078,0.3062,0.6938,0.0,0.6938,0.0,0.0,0.0,0.3062,0.6938
1118316,0.1465,0.5229,0.0,0.5229,0.0697,0.0749,0.186,0.2864,0.7136,0.0,0.7136,0.0,0.0,0.0,0.2864,0.7136
1118317,0.1588,0.5017,0.0,0.5017,0.0667,0.0595,0.2133,0.308,0.692,0.0,0.692,0.0,0.0,0.0,0.308,0.692
1118318,0.1465,0.4915,0.0,0.4915,0.0602,0.0817,0.2201,0.3034,0.6966,0.0,0.6966,0.0,0.0,0.0,0.3034,0.6966
1118319,0.1225,0.4922,0.0,0.4922,0.064,0.1025,0.2189,0.2697,0.7303,0.0,0.7303,0.0,0.0,0.0,0.2697,0.7303
1118320,0.1577,0.4966,0.0,0.4966,0.0744,0.0714,0.1999,0.3144,0.6856,0.0,0.6856,0.0,0.0,0.0,0.3144,0.6856
1118321,0.1917,0.4665,0.0,0.4665,0.1082,0.0636,0.1701,0.3626,0.6374,0.0,0.6374,0.0,0.0,0.0,0.3626,0.6374
1118401,0.1638,0.5464,0.0,0.5464,0.0651,0.0482,0.1766,0.2931,0.7069,0.0,0.7069,0.0,0.0,0.0,0.2931,0.7069
1118402,0.1639,0.5442,0.0,0.5442,0.0656,0.0483,0.178,0.2938,0.7062,0.0,0.7062,0.0,0.0,0.0,0.2938,0.7062
1118403,0.1643,0.5438,0.0,0.5438,0.0657,0.0482,0.178,0.2945,0.7055,0.0,0.7055,0.0,0.0,0.0,0.2945,0.7055
1118404,0.1638,0.5461,0.0,0.5461,0.0603,0.0453,0.1846,0.2891,0.7109,0.0,0.7109,0.0,0.0,0.0,0.2891,0.7109
1118405,0.1632,0.5572,0.0,0.5572,0.0576,0.0441,0.1778,0.2844,0.7156,0.0,0.7156,0.0,0.0,0.0,0.2844,0.7156
1118406,0.1649,0.5486,0.0,0.5486,0.0609,0.0449,0.1807,0.2906,0.7094,0.0,0.7094,0.0,0.0,0.0,0.2906,0.7094
1118407,0.1631,0.5499,0.0,0.5499,0.0591,0.0445,0.1834,0.2866,0.7134,0.0,0.7134,0.0,0.0,0.0,0.2866,0.7134
1118408,0.1632,0.5533,0.0,0.5533,0.0582,0.0441,0.1812,0.2855,0.7145,0.0,0.7145,0.0,0.0,0.0,0.2855,0.7145
1118409,0.165,0.5369,0.0,0.5369,0.0709,0.0511,0.176,0.301,0.699,0.0,0.699,0.0,0.0,0.0,0.301,0.699
1118410,0.1636,0.5455,0.0,0.5455,0.0645,0.0479,0.1785,0.2924,0.7076,0.0,0.7076,0.0,0.0,0.0,0.2924,0.7076
1118411,0.1633,0.5478,0.0,0.5478,0.062,0.0467,0.1802,0.2898,0.7102,0.0,0.7102,0.0,0.0,0.0,0.2898,0.7102
1118413,0.1646,0.5399,0.0,0.5399,0.067,0.0486,0.1798,0.2965,0.7035,0.0,0.7035,0.0,0.0,0.0,0.2965,0.7035
1118414,0.1643,0.5456,0.0,0.5456,0.0633,0.0466,0.1802,0.2923,0.7077,0.0,0.7077,0.0,0.0,0.0,0.2923,0.7077
1118415,0.1629,0.5473,0.0,0.5473,0.0619,0.0471,0.1809,0.2898,0.7102,0.0,0.7102,0.0,0.0,0.0,0.2898,0.7102
1118416,0.1641,0.5469,0.0,0.5469,0.062,0.046,0.181,0.2909,0.7091,0.0,0.7091,0.0,0.0,0.0,0.2909,0.7091
1118417,0.1648,0.5415,0.0,0.5415,0.0654,0.0472,0.1811,0.2947,0.7053,0.0,0.7053,0.0,0.0,0.0,0.2947,0.7053
1118501,0.1738,0.4477,0.0,0.4477,0.1336,0.0595,0.1853,0.3525,0.6475,0.0,0.6475,0.0,0.0,0.0,0.3525,0.6475
1118502,0.1774,0.4559,0.0,0.4559,0.1161,0.0568,0.1938,0.3477,0.6523,0.0,0.6523,0.0,0.0,0.0,0.3477,0.6523
1118503,0.1837,0.4608,0.0,0.4608,0.109,0.0588,0.1877,0.3503,0.6497,0.0,0.6497,0.0,0.0,0.0,0.3503,0.6497
1118504,0.1835,0.4611,0.0,0.4611,0.1084,0.0586,0.1884,0.3499,0.6501,0.0,0.6501,0.0,0.0,0.0,0.3499,0.6501
1118505,0.1851,0.457,0.0,0.457,0.1092,0.0589,0.1899,0.3537,0.6463,0.0,0.6463,0.0,0.0,0.0,0.3537,0.6463
1118506,0.1776,0.4597,0.0,0.4597,0.1015,0.0599,0.2012,0.3445,0.6555,0.0,0.6555,0.0,0.0,0.0,0.3445,0.6555
1118507,0.168,0.4784,0.0,0.4784,0.0918,0.0609,0.2008,0.3298,0.6702,0.0,0.6702,0.0,0.0,0.0,0.3298,0.6702
1118508,0.1724,0.4751,0.0,0.4751,0.1077,0.0572,0.1877,0.3377,0.6623,0.0,0.6623,0.0,0.0,0.0,0.3377,0.6623
1118509,0.1466,0.5092,0.0,0.5092,0.0763,0.076,0.1919,0.295,0.705,0.0,0.705,0.0,0.0,0.0,0.295,0.705
1118510,0.1408,0.5089,0.0,0.5089,0.0723,0.0776,0.2003,0.288,0.712,0.0,0.712,0.0,0.0,0.0,0.288,0.712
1118511,0.1587,0.5035,0.0,0.5035,0.0847,0.0644,0.1887,0.3076,0.6924,0.0,0.6924,0.0,0.0,0.0,0.3076,0.6924
1118512,0.1509,0.5148,0.0,0.5148,0.0742,0.0616,0.1985,0.2946,0.7054,0.0,0.7054,0.0,0.0,0.0,0.2946,0.7054
1118514,0.152,0.5256,0.0,0.5256,0.0784,0.065,0.1789,0.2958,0.7042,0.0,0.7042,0.0,0.0,0.0,0.2958,0.7042
1118515,0.1246,0.5433,0.0,0.5433,0.0582,0.0704,0.2034,0.2541,0.7459,0.0,0.7459,0.0,0.0,0.0,0.2541,0.7459
1118516,0.1445,0.5077,0.0,0.5077,0.0747,0.0786,0.1944,0.2936,0.7064,0.0,0.7064,0.0,0.0,0.0,0.2936,0.7064
1118517,0.1431,0.5014,0.0,0.5014,0.0796,0.0791,0.1968,0.293,0.707,0.0,0.707,0.0,0.0,0.0,0.293,0.707
1118518,0.1358,0.511,0.0,0.511,0.0664,0.0826,0.2043,0.2838,0.7162,0.0,0.7162,0.0,0.0,0.0,0.2838,0.7162
1118519,0.1453,0.4998,0.0,0.4998,0.0809,0.0781,0.196,0.2965,0.7035,0.0,0.7035,0.0,0.0,0.0,0.2965,0.7035
1118520,0.1482,0.5001,0.0,0.5001,0.0824,0.0767,0.1925,0.2994,0.7006,0.0,0.7006,0.0,0.0,0.0,0.2994,0.7006
1118521,0.1734,0.4753,0.0,0.4753,0.1018,0.0548,0.1947,0.3331,0.6669,0.0,0.6669,0.0,0.0,0.0,0.3331,0.6669
1118522,0.184,0.4668,0.0,0.4668,0.1039,0.0589,0.1863,0.3493,0.6507,0.0,0.6507,0.0,0.0,0.0,0.3493,0.6507
1118523,0.1492,0.5406,0.0,0.5406,0.0693,0.0607,0.1802,0.2843,0.7157,0.0,0.7157,0.0,0.0,0.0,0.2843,0.7157
1118524,0.1499,0.5353,0.0,0.5353,0.0687,0.0617,0.1843,0.2872,0.7128,0.0,0.7128,0.0,0.0,0.0,0.2872,0.7128
1118525,0.1421,0.5265,0.0,0.5265,0.071,0.0669,0.1936,0.2793,0.7207,0.0,0.7207,0.0,0.0,0.0,0.2793,0.7207
1118526,0.1377,0.5374,0.0,0.5374,0.0661,0.0665,0.1924,0.2704,0.7296,0.0,0.7296,0.0,0.0,0.0,0.2704,0.7296
1118527,0.1769,0.4607,0.0,0.4607,0.1139,0.0582,0.1904,0.347,0.653,0.0,0.653,0.0,0.0,0.0,0.347,0.653
1118529,0.1609,0.5216,0.0,0.5216,0.0828,0.0601,0.1746,0.3102,0.6898,0.0,0.6898,0.0,0.0,0.0,0.3102,0.6898
1118530,0.1479,0.5435,0.0,0.5435,0.0653,0.0621,0.1812,0.2823,0.7177,0.0,0.7177,0.0,0.0,0.0,0.2823,0.7177
1125601,0.1798,0.4998,0.0,0.4998,0.076,0.0555,0.189,0.3294,0.6706,0.0,0.6706,0.0,0.0,0.0,0.3294,0.6706
1125602,0.1833,0.4917,0.0,0.4917,0.074,0.0539,0.1971,0.3334,0.6666,0.0,0.6666,0.0,0.0,0.0,0.3334,0.6666
1125603,0.1754,0.5006,0.0,0.5006,0.0728,0.0563,0.1949,0.3234,0.6766,0.0,0.6766,0.0,0.0,0.0,0.3234,0.6766
1125604,0.1817,0.4838,0.0,0.4838,0.0694,0.0539,0.2112,0.3314,0.6686,0.0,0.6686,0.0,0.0,0.0,0.3314,0.6686
1125605,0.1827,0.4927,0.0,0.4927,0.0656,0.0516,0.2073,0.3273,0.6727,0.0,0.6727,0.0,0.0,0.0,0.3273,0.6727
1125606,0.173,0.5102,0.0,0.5102,0.0654,0.0533,0.1981,0.3108,0.6892,0.0,0.6892,0.0,0.0,0.0,0.3108,0.6892
1125608,0.1453,0.5555,0.0,0.5555,0.0552,0.0517,0.1923,0.2671,0.7329,0.0,0.7329,0.0,0.0,0.0,0.2671,0.7329
1125609,0.1541,0.54,0.0,0.54,0.0575,0.0522,0.1962,0.2798,0.7202,0.0,0.7202,0.0,0.0,0.0,0.2798,0.7202
1125610,0.1737,0.5103,0.0,0.5103,0.0669,0.0541,0.195,0.3127,0.6873,0.0,0.6873,0.0,0.0,0.0,0.3127,0.6873
1125611,0.1761,0.508,0.0,0.508,0.0607,0.0539,0.2013,0.3116,0.6884,0.0,0.6884,0.0,0.0,0.0,0.3116,0.6884
1125612,0.1772,0.5079,0.0,0.5079,0.0658,0.0521,0.197,0.3178,0.6822,0.0,0.6822,0.0,0.0,0.0,0.3178,0.6822
1125613,0.1809,0.5051,0.0,0.5051,0.068,0.0517,0.1943,0.323,0.677,0.0,0.677,0.0,0.0,0.0,0.323,0.677
1125615,0.1755,0.4911,0.0,0.4911,0.0746,0.0558,0.203,0.3241,0.6759,0.0,0.6759,0.0,0.0,0.0,0.3241,0.6759
1125616,0.1707,0.5054,0.0,0.5054,0.0669,0.0546,0.2025,0.3107,0.6893,0.0,0.6893,0.0,0.0,0.0,0.3107,0.6893
1125617,0.1653,0.5153,0.0,0.5153,0.0678,0.054,0.1976,0.3043,0.6957,0.0,0.6957,0.0,0.0,0.0,0.3043,0.6957
1125618,0.1738,0.5127,0.0,0.5127,0.0657,0.0524,0.1954,0.3164,0.6836,0.0,0.6836,0.0,0.0,0.0,0.3164,0.6836
1125619,0.1684,0.5183,0.0,0.5183,0.0648,0.0522,0.1964,0.304,0.696,0.0,0.696,0.0,0.0,0.0,0.304,0.696
1125620,0.1724,0.5135,0.0,0.5135,0.0647,0.0527,0.1968,0.3069,0.6931,0.0,0.6931,0.0,0.0,0.0,0.3069,0.6931
1125621,0.1759,0.5113,0.0,0.5113,0.0657,0.0525,0.1947,0.3144,0.6856,0.0,0.6856,0.0,0.0,0.0,0.3144,0.6856
1125622,0.1796,0.4991,0.0,0.4991,0.0728,0.0546,0.194,0.3278,0.6722,0.0,0.6722,0.0,0.0,0.0,0.3278,0.6722
1125623,0.1775,0.5049,0.0,0.5049,0.0673,0.0529,0.1974,0.32,0.68,0.0,0.68,0.0,0.0,0.0,0.32,0.68
1125624,0.1726,0.5113,0.0,0.5113,0.065,0.0525,0.1985,0.3099,0.6901,0.0,0.6901,0.0,0.0,0.0,0.3099,0.6901
1125625,0.1726,0.5178,0.0,0.5178,0.0595,0.0509,0.1993,0.3037,0.6963,0.0,0.6963,0.0,0.0,0.0,0.3037,0.6963
1125626,0.1779,0.5011,0.0,0.5011,0.0672,0.0528,0.201,0.3196,0.6804,0.0,0.6804,0.0,0.0,0.0,0.3196,0.6804
1125627,0.1758,0.5016,0.0,0.5016,0.0645,0.0526,0.2055,0.3154,0.6846,0.0,0.6846,0.0,0.0,0.0,0.3154,0.6846
1125628,0.1711,0.516,0.0,0.516,0.0585,0.0504,0.204,0.3038,0.6962,0.0,0.6962,0.0,0.0,0.0,0.3038,0.6962
1125630,0.1684,0.5172,0.0,0.5172,0.0587,0.0526,0.2032,0.3,0.7,0.0,0.7,0.0,0.0,0.0,0.3,0.7
1125631,0.17,0.5197,0.0,0.5197,0.0614,0.0531,0.1959,0.3018,0.6982,0.0,0.6982,0.0,0.0,0.0,0.3018,0.6982
1125632,0.1694,0.5137,0.0,0.5137,0.0676,0.0541,0.1953,0.3086,0.6914,0.0,0.6914,0.0,0.0,0.0,0.3086,0.6914
1125633,0.1776,0.5066,0.0,0.5066,0.0579,0.0493,0.2086,0.3106,0.6894,0.0,0.6894,0.0,0.0,0.0,0.3106,0.6894
1125634,0.1838,0.4881,0.0,0.4881,0.0642,0.052,0.2119,0.327,0.673,0.0,0.673,0.0,0.0,0.0,0.327,0.673
1125635,0.1764,0.5086,0.0,0.5086,0.062,0.0512,0.2018,0.3126,0.6874,0.0,0.6874,0.0,0.0,0.0,0.3126,0.6874
1125636,0.1846,0.4916,0.0,0.4916,0.059,0.0488,0.2161,0.3243,0.6757,0.0,0.6757,0.0,0.0,0.0,0.3243,0.6757
1125637,0.1769,0.506,0.0,0.506,0.0614,0.0515,0.2042,0.3143,0.6857,0.0,0.6857,0.0,0.0,0.0,0.3143,0.6857
1125638,0.1807,0.4946,0.0,0.4946,0.062,0.0509,0.2118,0.321,0.679,0.0,0.679,0.0,0.0,0.0,0.321,0.679
1125639,0.1785,0.4913,0.0,0.4913,0.0678,0.0535,0.2089,0.3228,0.6772,0.0,0.6772,0.0,0.0,0.0,0.3228,0.6772
1125640,0.1693,0.5126,0.0,0.5126,0.0625,0.0529,0.2026,0.3051,0.6949,0.0,0.6949,0.0,0.0,0.0,0.3051,0.6949
1125641,0.1775,0.498,0.0,0.498,0.0661,0.053,0.2054,0.3174,0.6826,0.0,0.6826,0.0,0.0,0.0,0.3174,0.6826
1125642,0.1771,0.5037,0.0,0.5037,0.0567,0.0507,0.2118,0.3123,0.6877,0.0,0.6877,0.0,0.0,0.0,0.3123,0.6877
1125643,0.1793,0.5013,0.0,0.5013,0.0643,0.0515,0.2035,0.3174,0.6826,0.0,0.6826,0.0,0.0,0.0,0.3174,0.6826
1125644,0.1856,0.468,0.0,0.468,0.0656,0.0513,0.2295,0.3401,0.6599,0.0,0.6599,0.0,0.0,0.0,0.3401,0.6599
1125645,0.179,0.4995,0.0,0.4995,0.0573,0.0505,0.2136,0.3166,0.6834,0.0,0.6834,0.0,0.0,0.0,0.3166,0.6834
1125646,0.1752,0.5147,0.0,0.5147,0.0655,0.0522,0.1924,0.3113,0.6887,0.0,0.6887,0.0,0.0,0.0,0.3113,0.6887
1125647,0.1716,0.5128,0.0,0.5128,0.0603,0.0517,0.2037,0.3053,0.6947,0.0,0.6947,0.0,0.0,0.0,0.3053,0.6947
1125648,0.174,0.5119,0.0,0.5119,0.0647,0.0528,0.1967,0.3108,0.6892,0.0,0.6892,0.0,0.0,0.0,0.3108,0.6892
1125649,0.1728,0.5088,0.0,0.5088,0.0673,0.0533,0.1978,0.3119,0.6881,0.0,0.6881,0.0,0.0,0.0,0.3119,0.6881
1125650,0.1801,0.5076,0.0,0.5076,0.0689,0.0523,0.1911,0.3215,0.6785,0.0,0.6785,0.0,0.0,0.0,0.3215,0.6785
1125651,0.1738,0.5055,0.0,0.5055,0.0642,0.0524,0.204,0.3111,0.6889,0.0,0.6889,0.0,0.0,0.0,0.3111,0.6889
1125701,0.1463,0.5496,0.0,0.5496,0.0552,0.0523,0.1965,0.2682,0.7318,0.0,0.7318,0.0,0.0,0.0,0.2682,0.7318
1125702,0.1527,0.5309,0.0,0.5309,0.0623,0.0546,0.1995,0.2844,0.7156,0.0,0.7156,0.0,0.0,0.0,0.2844,0.7156
1125703,0.1545,0.5061,0.0,0.5061,0.0646,0.056,0.2188,0.2905,0.7095,0.0,0.7095,0.0,0.0,0.0,0.2905,0.7095
1125704,0.152,0.5314,0.0,0.5314,0.0526,0.0565,0.2075,0.2774,0.7226,0.0,0.7226,0.0,0.0,0.0,0.2774,0.7226
1125705,0.1548,0.5084,0.0,0.5084,0.0648,0.059,0.2131,0.2939,0.7061,0.0,0.7061,0.0,0.0,0.0,0.2939,0.7061
1125706,0.1554,0.5263,0.0,0.5263,0.0696,0.0545,0.1942,0.2912,0.7088,0.0,0.7088,0.0,0.0,0.0,0.2912,0.7088
1125707,0.1547,0.5126,0.0,0.5126,0.0956,0.056,0.181,0.3065,0.6935,0.0,0.6935,0.0,0.0,0.0,0.3065,0.6935
1125708,0.1348,0.5038,0.0,0.5038,0.0701,0.069,0.2223,0.2677,0.7323,0.0,0.7323,0.0,0.0,0.0,0.2677,0.7323
1125709,0.1608,0.5233,0.0,0.5233,0.0563,0.0551,0.2046,0.2933,0.7067,0.0,0.7067,0.0,0.0,0.0,0.2933,0.7067
1125710,0.1714,0.5048,0.0,0.5048,0.0643,0.0523,0.2071,0.3108,0.6892,0.0,0.6892,0.0,0.0,0.0,0.3108,0.6892
1125711,0.1515,0.5336,0.0,0.5336,0.0535,0.0561,0.2053,0.2805,0.7195,0.0,0.7195,0.0,0.0,0.0,0.2805,0.7195
1125712,0.1551,0.5291,0.0,0.5291,0.0617,0.055,0.1991,0.2875,0.7125,0.0,0.7125,0.0,0.0,0.0,0.2875,0.7125
1125713,0.1395,0.5735,0.0,0.5735,0.0772,0.0509,0.1589,0.2716,0.7284,0.0,0.7284,0.0,0.0,0.0,0.2716,0.7284
1125714,0.1419,0.5606,0.0,0.5606,0.0724,0.054,0.1711,0.2737,0.7263,0.0,0.7263,0.0,0.0,0.0,0.2737,0.7263
1125715,0.1615,0.5329,0.0,0.5329,0.0935,0.0554,0.1566,0.3135,0.6865,0.0,0.6865,0.0,0.0,0.0,0.3135,0.6865
1125716,0.1547,0.5083,0.0,0.5083,0.0568,0.0612,0.219,0.3045,0.6955,0.0,0.6955,0.0,0.0,0.0,0.3045,0.6955
1125717,0.1607,0.5017,0.0,0.5017,0.0739,0.0632,0.2005,0.3084,0.6916,0.0,0.6916,0.0,0.0,0.0,0.3084,0.6916
1125718,0.1408,0.5093,0.0,0.5093,0.054,0.0817,0.2143,0.2758,0.7242,0.0,0.7242,0.0,0.0,0.0,0.2758,0.7242
1125719,0.1537,0.5204,0.0,0.5204,0.0716,0.0669,0.1874,0.2959,0.7041,0.0,0.7041,0.0,0.0,0.0,0.2959,0.7041
1125720,0.1474,0.5292,0.0,0.5292,0.0821,0.0514,0.1899,0.2866,0.7134,0.0,0.7134,0.0,0.0,0.0,0.2866,0.7134
1125721,0.1577,0.5174,0.0,0.5174,0.0651,0.0515,0.2082,0.2898,0.7102,0.0,0.7102,0.0,0.0,0.0,0.2898,0.7102
1125722,0.1546,0.5272,0.0,0.5272,0.0633,0.0514,0.2035,0.2849,0.7151,0.0,0.7151,0.0,0.0,0.0,0.2849,0.7151
1125723,0.1428,0.5369,0.0,0.5369,0.054,0.0476,0.2187,0.2632,0.7368,0.0,0.7368,0.0,0.0,0.0,0.2632,0.7368
1125724,0.1591,0.5221,0.0,0.5221,0.0639,0.0522,0.2027,0.2928,0.7072,0.0,0.7072,0.0,0.0,0.0,0.2928,0.7072
1125725,0.1494,0.5384,0.0,0.5384,0.0544,0.0536,0.2042,0.2734,0.7266,0.0,0.7266,0.0,0.0,0.0,0.2734,0.7266
1125726,0.1489,0.5118,0.0,0.5118,0.0616,0.0554,0.2223,0.2814,0.7186,0.0,0.7186,0.0,0.0,0.0,0.2814,0.7186
1125727,0.1493,0.5081,0.0,0.5081,0.0605,0.0555,0.2265,0.2819,0.7181,0.0,0.7181,0.0,0.0,0.0,0.2819,0.7181
1125728,0.1525,0.5227,0.0,0.5227,0.061,0.057,0.2068,0.2885,0.7115,0.0,0.7115,0.0,0.0,0.0,0.2885,0.7115
1125729,0.1514,0.5263,0.0,0.5263,0.0569,0.0576,0.2079,0.2837,0.7163,0.0,0.7163,0.0,0.0,0.0,0.2837,0.7163
1125730,0.178,0.4593,0.0,0.4593,0.0492,0.0587,0.2547,0.3349,0.6651,0.0,0.6651,0.0,0.0,0.0,0.3349,0.6651
1125731,0.1665,0.4642,0.0,0.4642,0.0609,0.0664,0.242,0.336,0.664,0.0,0.664,0.0,0.0,0.0,0.336,0.664
1125732,0.1662,0.4647,0.0,0.4647,0.057,0.0661,0.246,0.334,0.666,0.0,0.666,0.0,0.0,0.0,0.334,0.666
1125733,0.1623,0.4789,0.0,0.4789,0.0595,0.0648,0.2346,0.3257,0.6743,0.0,0.6743,0.0,0.0,0.0,0.3257,0.6743
1125734,0.1316,0.5829,0.0,0.5829,0.0699,0.051,0.1645,0.2573,0.7427,0.0,0.7427,0.0,0.0,0.0,0.2573,0.7427
1125735,0.141,0.563,0.0,0.563,0.053,0.0486,0.1944,0.2611,0.7389,0.0,0.7389,0.0,0.0,0.0,0.2611,0.7389
1125736,0.1493,0.5239,0.0,0.5239,0.0842,0.0509,0.1917,0.2907,0.7093,0.0,0.7093,0.0,0.0,0.0,0.2907,0.7093
1125737,0.1442,0.5055,0.0,0.5055,0.0598,0.0553,0.2352,0.2759,0.7241,0.0,0.7241,0.0,0.0,0.0,0.2759,0.7241
1125738,0.166,0.505,0.0,0.505,0.0709,0.053,0.2051,0.3083,0.6917,0.0,0.6917,0.0,0.0,0.0,0.3083,0.6917
1125740,0.1788,0.4763,0.0,0.4763,0.0651,0.0598,0.22,0.3303,0.6697,0.0,0.6697,0.0,0.0,0.0,0.3303,0.6697
1125741,0.1747,0.4731,0.0,0.4731,0.0616,0.061,0.2297,0.3245,0.6755,0.0,0.6755,0.0,0.0,0.0,0.3245,0.6755
1125742,0.1518,0.5287,0.0,0.5287,0.0706,0.0582,0.1907,0.2944,0.7056,0.0,0.7056,0.0,0.0,0.0,0.2944,0.7056
1125801,0.1884,0.4879,0.0,0.4879,0.062,0.0551,0.2066,0.3291,0.6709,0.0,0.6709,0.0,0.0,0.0,0.3291,0.6709
1125802,0.1857,0.4793,0.0,0.4793,0.062,0.0552,0.2177,0.3359,0.6641,0.0,0.6641,0.0,0.0,0.0,0.3359,0.6641
1125803,0.1891,0.4723,0.0,0.4723,0.0623,0.0561,0.2201,0.3426,0.6574,0.0,0.6574,0.0,0.0,0.0,0.3426,0.6574
1125804,0.1828,0.4883,0.0,0.4883,0.0637,0.0553,0.21,0.3256,0.6744,0.0,0.6744,0.0,0.0,0.0,0.3256,0.6744
1125805,0.1831,0.4857,0.0,0.4857,0.0659,0.0566,0.2087,0.33,0.67,0.0,0.67,0.0,0.0,0.0,0.33,0.67
1125806,0.1892,0.4772,0.0,0.4772,0.0641,0.0565,0.2131,0.3361,0.6639,0.0,0.6639,0.0,0.0,0.0,0.3361,0.6639
1125807,0.1869,0.4999,0.0,0.4999,0.0579,0.0537,0.2016,0.3227,0.6773,0.0,0.6773,0.0,0.0,0.0,0.3227,0.6773
1125808,0.1909,0.4588,0.0,0.4588,0.0581,0.0618,0.2304,0.3483,0.6517,0.0,0.6517,0.0,0.0,0.0,0.3483,0.6517
1125809,0.1913,0.4626,0.0,0.4626,0.0564,0.0611,0.2285,0.3464,0.6536,0.0,0.6536,0.0,0.0,0.0,0.3464,0.6536
1125810,0.1849,0.4823,0.0,0.4823,0.0632,0.0557,0.2139,0.3357,0.6643,0.0,0.6643,0.0,0.0,0.0,0.3357,0.6643
1125811,0.1839,0.498,0.0,0.498,0.0597,0.0546,0.2039,0.3228,0.6772,0.0,0.6772,0.0,0.0,0.0,0.3228,0.6772
1125812,0.1914,0.4871,0.0,0.4871,0.0598,0.0553,0.2064,0.3321,0.6679,0.0,0.6679,0.0,0.0,0.0,0.3321,0.6679
1125813,0.1815,0.5031,0.0,0.5031,0.0603,0.0535,0.2016,0.3181,0.6819,0.0,0.6819,0.0,0.0,0.0,0.3181,0.6819
1125814,0.1749,0.4849,0.0,0.4849,0.0621,0.0615,0.2165,0.3161,0.6839,0.0,0.6839,0.0,0.0,0.0,0.3161,0.6839
1125815,0.1901,0.4674,0.0,0.4674,0.0663,0.0598,0.2164,0.345,0.655,0.0,0.655,0.0,0.0,0.0,0.345,0.655
1125816,0.1918,0.4565,0.0,0.4565,0.0627,0.063,0.2259,0.349,0.651,0.0,0.651,0.0,0.0,0.0,0.349,0.651
1125817,0.1937,0.4612,0.0,0.4612,0.0676,0.0611,0.2164,0.3551,0.6449,0.0,0.6449,0.0,0.0,0.0,0.3551,0.6449
1125818,0.195,0.454,0.0,0.454,0.0657,0.0628,0.2224,0.3587,0.6413,0.0,0.6413,0.0,0.0,0.0,0.3587,0.6413
1125819,0.1937,0.4564,0.0,0.4564,0.0656,0.0624,0.222,0.3558,0.6442,0.0,0.6442,0.0,0.0,0.0,0.3558,0.6442
1125820,0.1996,0.4417,0.0,0.4417,0.0668,0.066,0.2258,0.3719,0.6281,0.0,0.6281,0.0,0.0,0.0,0.3719,0.6281
1125821,0.1907,0.4871,0.0,0.4871,0.0634,0.0549,0.204,0.3329,0.6671,0.0,0.6671,0.0,0.0,0.0,0.3329,0.6671
1125822,0.1852,0.4886,0.0,0.4886,0.0574,0.0533,0.2154,0.3308,0.6692,0.0,0.6692,0.0,0.0,0.0,0.3308,0.6692
1125823,0.1865,0.483,0.0,0.483,0.0584,0.056,0.2161,0.3349,0.6651,0.0,0.6651,0.0,0.0,0.0,0.3349,0.6651
1125824,0.1886,0.4881,0.0,0.4881,0.0621,0.0551,0.2061,0.3303,0.6697,0.0,0.6697,0.0,0.0,0.0,0.3303,0.6697
1125825,0.147,0.4975,0.0,0.4975,0.0549,0.0737,0.2269,0.2711,0.7289,0.0,0.7289,0.0,0.0,0.0,0.2711,0.7289
1125826,0.1865,0.4957,0.0,0.4957,0.063,0.0547,0.2001,0.3254,0.6746,0.0,0.6746,0.0,0.0,0.0,0.3254,0.6746
1125827,0.1863,0.4926,0.0,0.4926,0.0626,0.0548,0.2036,0.327,0.673,0.0,0.673,0.0,0.0,0.0,0.327,0.673
1125828,0.191,0.4782,0.0,0.4782,0.0625,0.0563,0.212,0.3369,0.6631,0.0,0.6631,0.0,0.0,0.0,0.3369,0.6631
1125829,0.1848,0.4866,0.0,0.4866,0.0633,0.0577,0.2075,0.3272,0.6728,0.0,0.6728,0.0,0.0,0.0,0.3272,0.6728
1125830,0.1913,0.4672,0.0,0.4672,0.0563,0.0593,0.2259,0.3453,0.6547,0.0,0.6547,0.0,0.0,0.0,0.3453,0.6547
1125831,0.1829,0.4832,0.0,0.4832,0.0676,0.0552,0.2111,0.335,0.665,0.0,0.665,0.0,0.0,0.0,0.335,0.665
1125901,0.2117,0.4797,0.0,0.4797,0.0621,0.0562,0.1904,0.3485,0.6515,0.0,0.6515,0.0,0.0,0.0,0.3485,0.6515
1125902,0.2291,0.4617,0.0,0.4617,0.0477,0.0573,0.2042,0.3634,0.6366,0.0,0.6366,0.0,0.0,0.0,0.3634,0.6366
1125903,0.2225,0.4615,0.0,0.4615,0.059,0.0571,0.1999,0.3623,0.6377,0.0,0.6377,0.0,0.0,0.0,0.3623,0.6377
1125904,0.2237,0.4675,0.0,0.4675,0.0525,0.0564,0.1999,0.358,0.642,0.0,0.642,0.0,0.0,0.0,0.358,0.642
1125905,0.2215,0.4666,0.0,0.4666,0.0566,0.0573,0.1979,0.3598,0.6402,0.0,0.6402,0.0,0.0,0.0,0.3598,0.6402
1125906,0.2283,0.4491,0.0,0.4491,0.0584,0.0609,0.2034,0.3745,0.6255,0.0,0.6255,0.0,0.0,0.0,0.3745,0.6255
1125907,0.2253,0.4671,0.0,0.4671,0.0521,0.0562,0.1993,0.3605,0.6395,0.0,0.6395,0.0,0.0,0.0,0.3605,0.6395
1125908,0.1322,0.5823,0.0,0.5823,0.0551,0.0496,0.1808,0.2488,0.7512,0.0,0.7512,0.0,0.0,0.0,0.2488,0.7512
1125909,0.2096,0.4597,0.0,0.4597,0.0745,0.0609,0.1954,0.3631,0.6369,0.0,0.6369,0.0,0.0,0.0,0.3631,0.6369
1125910,0.1609,0.5144,0.0,0.5144,0.0827,0.0586,0.1834,0.3124,0.6876,0.0,0.6876,0.0,0.0,0.0,0.3124,0.6876
1125911,0.2116,0.4655,0.0,0.4655,0.0579,0.0587,0.2062,0.3561,0.6439,0.0,0.6439,0.0,0.0,0.0,0.3561,0.6439
1125912,0.2253,0.4603,0.0,0.4603,0.0583,0.0584,0.1977,0.3673,0.6327,0.0,0.6327,0.0,0.0,0.0,0.3673,0.6327
1125913,0.2211,0.4641,0.0,0.4641,0.057,0.058,0.1998,0.3609,0.6391,0.0,0.6391,0.0,0.0,0.0,0.3609,0.6391
1125914,0.22,0.4631,0.0,0.4631,0.0583,0.0594,0.1992,0.3619,0.6381,0.0,0.6381,0.0,0.0,0.0,0.3619,0.6381
1125915,0.1674,0.488,0.0,0.488,0.1141,0.0598,0.1707,0.3341,0.6659,0.0,0.6659,0.0,0.0,0.0,0.3341,0.6659
1125916,0.2194,0.4588,0.0,0.4588,0.0649,0.0585,0.1984,0.3643,0.6357,0.0,0.6357,0.0,0.0,0.0,0.3643,0.6357
1125917,0.2191,0.456,0.0,0.456,0.0652,0.0599,0.1998,0.3665,0.6335,0.0,0.6335,0.0,0.0,0.0,0.3665,0.6335
1125918,0.2246,0.4587,0.0,0.4587,0.0535,0.0595,0.2037,0.3643,0.6357,0.0,0.6357,0.0,0.0,0.0,0.3643,0.6357
1125919,0.2218,0.4653,0.0,0.4653,0.058,0.0588,0.1961,0.3633,0.6367,0.0,0.6367,0.0,0.0,0.0,0.3633,0.6367
1125920,0.235,0.4815,0.0,0.4815,0.04,0.0475,0.196,0.3529,0.6471,0.0,0.6471,0.0,0.0,0.0,0.3529,0.6471
1125921,0.2255,0.4702,0.0,0.4702,0.0498,0.056,0.1986,0.3585,0.6415,0.0,0.6415,0.0,0.0,0.0,0.3585,0.6415
1125922,0.2081,0.4611,0.0,0.4611,0.0759,0.0592,0.1958,0.3591,0.6409,0.0,0.6409,0.0,0.0,0.0,0.3591,0.6409
1126011,0.1729,0.5031,0.0,0.5031,0.0959,0.0588,0.1693,0.3379,0.6621,0.0,0.6621,0.0,0.0,0.0,0.3379,0.6621
