sa1,fp_alp,fp_lib,fp_nat,fp_lnp,fp_grn,fp_onp,fp_oth,tcp_alp,tcp_lib,tcp_nat,tcp_lnp,tcp_grn,tcp_onp,tcp_oth,tpp_alp,tpp_lnp
3101702,0.3412,0.2896,0,0.2896,0.2649,0.028,0.0763,0.6291,0,0,0,0.3709,0,0,0.6243,0.3757
3101703,0.3415,0.2759,0,0.2759,0.2737,0.0284,0.0806,0.62,0,0,0,0.38,0,0,0.6354,0.3646
3101704,0.3389,0.2856,0,0.2856,0.2697,0.0284,0.0773,0.6247,0,0,0,0.3753,0,0,0.6277,0.3723
3101705,0.3361,0.2816,0,0.2816,0.2756,0.0289,0.0777,0.618,0,0,0,0.382,0,0,0.6306,0.3694
3104701,0.3345,0.291,0,0.291,0.28,0.0263,0.0682,0.6299,0,0,0,0.3701,0,0,0.6266,0.3734
3104702,0.3349,0.2979,0,0.2979,0.2771,0.0253,0.0648,0.6326,0,0,0,0.3674,0,0,0.6223,0.3777
3104703,0.3303,0.2735,0,0.2735,0.2986,0.0261,0.0715,0.6117,0,0,0,0.3883,0,0,0.6438,0.3562
3104704,0.3323,0.291,0,0.291,0.2804,0.0272,0.0692,0.6247,0,0,0,0.3753,0,0,0.6259,0.3741
3104705,0.3304,0.2764,0,0.2764,0.2986,0.0255,0.0691,0.6117,0,0,0,0.3883,0,0,0.6427,0.3573
3104707,0.3351,0.2923,0,0.2923,0.2754,0.0275,0.0697,0.6317,0,0,0,0.3683,0,0,0.624,0.376
3104708,0.3323,0.2873,0,0.2873,0.2857,0.0262,0.0685,0.6228,0,0,0,0.3772,0,0,0.6305,0.3695
3104709,0.3361,0.2898,0,0.2898,0.2791,0.027,0.068,0.627,0,0,0,0.373,0,0,0.6278,0.3722
3104710,0.3353,0.2905,0,0.2905,0.2795,0.0267,0.068,0.6285,0,0,0,0.3715,0,0,0.6273,0.3727
3104711,0.3336,0.2856,0,0.2856,0.2814,0.0275,0.0719,0.6273,0,0,0,0.3727,0,0,0.6296,0.3704
3104712,0.3404,0.2954,0,0.2954,0.2664,0.0274,0.0704,0.6332,0,0,0,0.3668,0,0,0.6203,0.3797
3104713,0.334,0.2902,0,0.2902,0.2788,0.0273,0.0696,0.6279,0,0,0,0.3721,0,0,0.6263,0.3737
3104714,0.335,0.2976,0,0.2976,0.2731,0.0269,0.0674,0.6331,0,0,0,0.3669,0,0,0.6203,0.3797
3104715,0.3331,0.2867,0,0.2867,0.2842,0.0266,0.0693,0.6254,0,0,0,0.3746,0,0,0.6306,0.3694
3104716,0.334,0.2933,0,0.2933,0.2772,0.0266,0.0689,0.629,0,0,0,0.371,0,0,0.6257,0.3743
3104717,0.331,0.2881,0,0.2881,0.2849,0.0266,0.0694,0.622,0,0,0,0.378,0,0,0.6307,0.3693
3104718,0.3302,0.2894,0,0.2894,0.2805,0.0285,0.0714,0.6186,0,0,0,0.3814,0,0,0.6269,0.3731
3104719,0.3317,0.2898,0,0.2898,0.2847,0.0252,0.0685,0.6242,0,0,0,0.3758,0,0,0.6292,0.3708
3104720,0.3316,0.2849,0,0.2849,0.2873,0.0259,0.0703,0.6208,0,0,0,0.3792,0,0,0.6329,0.3671
3104721,0.3313,0.2852,0,0.2852,0.2893,0.0247,0.0696,0.6222,0,0,0,0.3778,0,0,0.6339,0.3661
3104722,0.3321,0.2911,0,0.2911,0.2818,0.0261,0.0688,0.6255,0,0,0,0.3745,0,0,0.6272,0.3728
3104723,0.3337,0.2909,0,0.2909,0.2801,0.0262,0.069,0.6278,0,0,0,0.3722,0,0,0.6271,0.3729
3104724,0.333,0.2897,0,0.2897,0.2817,0.026,0.0696,0.6267,0,0,0,0.3733,0,0,0.628,0.372
3104725,0.3327,0.29,0,0.29,0.279,0.0277,0.0706,0.6266,0,0,0,0.3734,0,0,0.6254,0.3746
3104802,0.3425,0.2753,0,0.2753,0.2757,0.0287,0.0778,0.6231,0,0,0,0.3769,0,0,0.6382,0.3618
3104803,0.3418,0.2865,0,0.2865,0.2695,0.0281,0.0741,0.629,0,0,0,0.371,0,0,0.6292,0.3708
3104804,0.3427,0.2843,0,0.2843,0.2719,0.0276,0.0735,0.6305,0,0,0,0.3695,0,0,0.6315,0.3685
3104805,0.3413,0.2864,0,0.2864,0.27,0.0279,0.0744,0.6298,0,0,0,0.3702,0,0,0.6286,0.3714
3104807,0.3511,0.2791,0,0.2791,0.2673,0.0267,0.0758,0.6348,0,0,0,0.3652,0,0,0.6364,0.3636
3104808,0.3512,0.2746,0,0.2746,0.2676,0.0281,0.0784,0.6302,0,0,0,0.3698,0,0,0.6384,0.3616
3104809,0.3499,0.2846,0,0.2846,0.2657,0.0265,0.0733,0.6371,0,0,0,0.3629,0,0,0.6323,0.3677
3104810,0.3457,0.284,0,0.284,0.2705,0.0272,0.0726,0.6309,0,0,0,0.3691,0,0,0.6337,0.3663
3104811,0.3433,0.2907,0,0.2907,0.2651,0.0278,0.0732,0.6328,0,0,0,0.3672,0,0,0.6254,0.3746
3104814,0.3398,0.2762,0,0.2762,0.2792,0.0283,0.0766,0.6194,0,0,0,0.3806,0,0,0.6383,0.3617
3104815,0.3432,0.2947,0,0.2947,0.2616,0.0275,0.073,0.6358,0,0,0,0.3642,0,0,0.6218,0.3782
3104816,0.3335,0.2813,0,0.2813,0.2781,0.0302,0.0768,0.6136,0,0,0,0.3864,0,0,0.631,0.369
3104817,0.3418,0.2872,0,0.2872,0.2708,0.0274,0.0728,0.6304,0,0,0,0.3696,0,0,0.629,0.371
3104818,0.3364,0.2781,0,0.2781,0.2792,0.0291,0.0771,0.6163,0,0,0,0.3837,0,0,0.6346,0.3654
3104903,0.3346,0.2899,0,0.2899,0.2783,0.0285,0.0687,0.6233,0,0,0,0.3767,0,0,0.6264,0.3736
3104904,0.3418,0.2803,0,0.2803,0.278,0.0272,0.0726,0.6263,0,0,0,0.3737,0,0,0.6351,0.3649
3104905,0.3433,0.3056,0,0.3056,0.2562,0.0273,0.0676,0.641,0,0,0,0.359,0,0,0.6125,0.3875
3104906,0.3377,0.2892,0,0.2892,0.277,0.0276,0.0685,0.6266,0,0,0,0.3734,0,0,0.6284,0.3716
3104907,0.3357,0.2869,0,0.2869,0.2784,0.0287,0.0703,0.6224,0,0,0,0.3776,0,0,0.6289,0.3711
3104908,0.333,0.2955,0,0.2955,0.2752,0.0284,0.0679,0.6241,0,0,0,0.3759,0,0,0.6211,0.3789
3104909,0.3376,0.2804,0,0.2804,0.2879,0.0278,0.0664,0.6183,0,0,0,0.3817,0,0,0.6382,0.3618
3104910,0.3353,0.2941,0,0.2941,0.2762,0.0279,0.0666,0.6259,0,0,0,0.3741,0,0,0.6238,0.3762
3104911,0.335,0.2892,0,0.2892,0.2795,0.028,0.0682,0.6232,0,0,0,0.3768,0,0,0.6277,0.3723
3104912,0.334,0.297,0,0.297,0.2722,0.0281,0.0688,0.6281,0,0,0,0.3719,0,0,0.62,0.38
3104915,0.3346,0.2972,0,0.2972,0.2736,0.0275,0.067,0.6291,0,0,0,0.3709,0,0,0.621,0.379
3104916,0.3315,0.286,0,0.286,0.2821,0.0286,0.0717,0.6188,0,0,0,0.3812,0,0,0.6287,0.3713
3104917,0.3322,0.2901,0,0.2901,0.2793,0.0279,0.0705,0.6234,0,0,0,0.3766,0,0,0.6255,0.3745
3104919,0.3312,0.2854,0,0.2854,0.2832,0.0285,0.0717,0.6183,0,0,0,0.3817,0,0,0.6294,0.3706
3104920,0.3287,0.2801,0,0.2801,0.2868,0.0292,0.0752,0.6125,0,0,0,0.3875,0,0,0.6324,0.3676
3104921,0.3278,0.2744,0,0.2744,0.2882,0.0303,0.0793,0.6123,0,0,0,0.3877,0,0,0.6357,0.3643
3104925,0.3315,0.2803,0,0.2803,0.2845,0.0291,0.0746,0.6163,0,0,0,0.3837,0,0,0.6325,0.3675
3104926,0.332,0.2924,0,0.2924,0.276,0.0284,0.0712,0.6237,0,0,0,0.3763,0,0,0.6226,0.3774
3105001,0.3326,0.2871,0,0.2871,0.2841,0.0262,0.0701,0.6225,0,0,0,0.3775,0,0,0.6305,0.3695
3105002,0.3324,0.2762,0,0.2762,0.2869,0.0288,0.0757,0.6164,0,0,0,0.3836,0,0,0.6351,0.3649
3105003,0.3323,0.2904,0,0.2904,0.2789,0.0279,0.0704,0.6237,0,0,0,0.3763,0,0,0.6251,0.3749
3105004,0.3336,0.2803,0,0.2803,0.287,0.0271,0.0721,0.6193,0,0,0,0.3807,0,0,0.6349,0.3651
3105005,0.3362,0.2833,0,0.2833,0.2812,0.0273,0.072,0.6252,0,0,0,0.3748,0,0,0.631,0.369
3105006,0.3355,0.2899,0,0.2899,0.2755,0.0282,0.071,0.6276,0,0,0,0.3724,0,0,0.6246,0.3754
3105007,0.3395,0.3048,0,0.3048,0.2629,0.0269,0.066,0.6423,0,0,0,0.3577,0,0,0.6138,0.3862
3105008,0.3362,0.2822,0,0.2822,0.2813,0.0277,0.0726,0.6249,0,0,0,0.3751,0,0,0.6317,0.3683
3105009,0.3374,0.2804,0,0.2804,0.2818,0.0279,0.0726,0.6265,0,0,0,0.3735,0,0,0.6325,0.3675
3105010,0.3317,0.2755,0,0.2755,0.2858,0.0292,0.0778,0.6137,0,0,0,0.3863,0,0,0.6348,0.3652
3105011,0.3384,0.2751,0,0.2751,0.2847,0.0287,0.0731,0.6241,0,0,0,0.3759,0,0,0.6369,0.3631
3105012,0.3371,0.2777,0,0.2777,0.2831,0.0282,0.0739,0.6247,0,0,0,0.3753,0,0,0.6342,0.3658
3105013,0.3378,0.2874,0,0.2874,0.2726,0.0282,0.074,0.6284,0,0,0,0.3716,0,0,0.6256,0.3744
3105014,0.3403,0.2823,0,0.2823,0.2747,0.0276,0.0751,0.6305,0,0,0,0.3695,0,0,0.6295,0.3705
3105015,0.3443,0.2897,0,0.2897,0.2619,0.0256,0.0784,0.6402,0,0,0,0.3598,0,0,0.6222,0.3778
3105301,0.3297,0.2585,0,0.2585,0.3144,0.0271,0.0702,0.5953,0,0,0,0.4047,0,0,0.6578,0.3422
3105302,0.3308,0.2601,0,0.2601,0.3142,0.0265,0.0684,0.5975,0,0,0,0.4025,0,0,0.6579,0.3421
3105303,0.3281,0.2722,0,0.2722,0.3018,0.0259,0.0719,0.6078,0,0,0,0.3922,0,0,0.6465,0.3535
3105305,0.3292,0.2813,0,0.2813,0.2913,0.0272,0.0711,0.6142,0,0,0,0.3858,0,0,0.6359,0.3641
3105306,0.326,0.2627,0,0.2627,0.3086,0.0275,0.0751,0.5972,0,0,0,0.4028,0,0,0.653,0.347
3105307,0.3278,0.2616,0,0.2616,0.3151,0.0245,0.071,0.5974,0,0,0,0.4026,0,0,0.6579,0.3421
3105308,0.3262,0.2582,0,0.2582,0.3168,0.0257,0.0731,0.5927,0,0,0,0.4073,0,0,0.6597,0.3403
3105309,0.3309,0.2744,0,0.2744,0.3015,0.025,0.0682,0.6102,0,0,0,0.3898,0,0,0.6455,0.3545
3105310,0.3293,0.2668,0,0.2668,0.3087,0.0258,0.0695,0.6021,0,0,0,0.3979,0,0,0.6518,0.3482
3105311,0.3307,0.2582,0,0.2582,0.3176,0.0251,0.0684,0.5962,0,0,0,0.4038,0,0,0.6609,0.3391
3105312,0.3323,0.2633,0,0.2633,0.3102,0.0261,0.0681,0.6014,0,0,0,0.3986,0,0,0.6553,0.3447
3105313,0.326,0.2534,0,0.2534,0.3184,0.0264,0.0758,0.5895,0,0,0,0.4105,0,0,0.6627,0.3373
3105314,0.3306,0.2807,0,0.2807,0.2933,0.0263,0.069,0.6145,0,0,0,0.3855,0,0,0.6375,0.3625
3105315,0.328,0.2638,0,0.2638,0.3079,0.0261,0.0741,0.6006,0,0,0,0.3994,0,0,0.6531,0.3469
3105316,0.3312,0.2803,0,0.2803,0.2947,0.0265,0.0673,0.6142,0,0,0,0.3858,0,0,0.6378,0.3622
3105317,0.3293,0.2751,0,0.2751,0.2991,0.0257,0.0708,0.6112,0,0,0,0.3888,0,0,0.642,0.358
3105318,0.332,0.2683,0,0.2683,0.3058,0.0246,0.0693,0.609,0,0,0,0.391,0,0,0.6509,0.3491
3105319,0.328,0.2793,0,0.2793,0.2945,0.0261,0.072,0.6156,0,0,0,0.3844,0,0,0.636,0.364
3105320,0.3308,0.278,0,0.278,0.2981,0.0245,0.0686,0.617,0,0,0,0.383,0,0,0.6405,0.3595
3105321,0.3281,0.2929,0,0.2929,0.2851,0.0242,0.0696,0.6289,0,0,0,0.3711,0,0,0.6241,0.3759
3105322,0.3325,0.2852,0,0.2852,0.2906,0.0247,0.0671,0.6233,0,0,0,0.3767,0,0,0.6339,0.3661
3105323,0.3329,0.2809,0,0.2809,0.2934,0.0253,0.0675,0.6186,0,0,0,0.3814,0,0,0.6381,0.3619
3105324,0.3326,0.2738,0,0.2738,0.2989,0.0262,0.0685,0.6117,0,0,0,0.3883,0,0,0.6444,0.3556
3105325,0.3338,0.2755,0,0.2755,0.2979,0.0247,0.0681,0.617,0,0,0,0.383,0,0,0.6441,0.3559
3105326,0.3315,0.2781,0,0.2781,0.2938,0.0264,0.0703,0.616,0,0,0,0.384,0,0,0.6389,0.3611
3105327,0.3313,0.2924,0,0.2924,0.2841,0.0247,0.0676,0.6292,0,0,0,0.3708,0,0,0.626,0.374
3105328,0.3337,0.2899,0,0.2899,0.2861,0.0241,0.0663,0.6284,0,0,0,0.3716,0,0,0.63,0.37
3105329,0.3321,0.2915,0,0.2915,0.282,0.0264,0.068,0.6252,0,0,0,0.3748,0,0,0.6267,0.3733
3105330,0.3324,0.2966,0,0.2966,0.277,0.0263,0.0678,0.63,0,0,0,0.37,0,0,0.6214,0.3786
3105332,0.3272,0.2861,0,0.2861,0.2886,0.0259,0.0722,0.6206,0,0,0,0.3794,0,0,0.6295,0.3705
3105333,0.3272,0.2837,0,0.2837,0.2962,0.0237,0.0692,0.6202,0,0,0,0.3798,0,0,0.6347,0.3653
3105334,0.3294,0.2845,0,0.2845,0.2904,0.0259,0.0699,0.6188,0,0,0,0.3812,0,0,0.6324,0.3676
3105335,0.3319,0.2868,0,0.2868,0.2845,0.0267,0.07,0.6188,0,0,0,0.3812,0,0,0.6302,0.3698
3105336,0.3297,0.2822,0,0.2822,0.2946,0.0248,0.0688,0.6189,0,0,0,0.3811,0,0,0.636,0.364
3105339,0.3451,0.2409,0,0.2409,0.3265,0.0242,0.0633,0.5983,0,0,0,0.4017,0,0,0.6824,0.3176
3105340,0.3285,0.2901,0,0.2901,0.2872,0.0247,0.0696,0.6259,0,0,0,0.3741,0,0,0.6272,0.3728
3105341,0.326,0.2731,0,0.2731,0.2993,0.0284,0.0732,0.6042,0,0,0,0.3958,0,0,0.6419,0.3581
3105342,0.3439,0.3265,0,0.3265,0.2406,0.0257,0.0633,0.6491,0,0,0,0.3509,0,0,0.5966,0.4034
3105343,0.3281,0.2694,0,0.2694,0.3047,0.0263,0.0715,0.6044,0,0,0,0.3956,0,0,0.6479,0.3521
3105401,0.3317,0.2289,0,0.2289,0.3449,0.026,0.0685,0.5691,0,0,0,0.4309,0,0,0.6934,0.3066
3105408,0.3257,0.245,0,0.245,0.3279,0.0288,0.0726,0.5772,0,0,0,0.4228,0,0,0.6722,0.3278
3105409,0.33,0.2338,0,0.2338,0.3379,0.0274,0.0709,0.5714,0,0,0,0.4286,0,0,0.6863,0.3137
3105410,0.3289,0.2362,0,0.2362,0.3375,0.027,0.0704,0.5735,0,0,0,0.4265,0,0,0.6847,0.3153
3105501,0.3225,0.2423,0,0.2423,0.3314,0.0273,0.0765,0.5803,0,0,0,0.4197,0,0,0.6701,0.3299
3105502,0.3261,0.2704,0,0.2704,0.304,0.0273,0.0722,0.6041,0,0,0,0.3959,0,0,0.6442,0.3558
3105503,0.3259,0.261,0,0.261,0.3102,0.0274,0.0754,0.5974,0,0,0,0.4026,0,0,0.6528,0.3472
3105504,0.327,0.2651,0,0.2651,0.3078,0.0274,0.0728,0.5993,0,0,0,0.4007,0,0,0.6491,0.3509
3105505,0.3229,0.2589,0,0.2589,0.3126,0.029,0.0766,0.5902,0,0,0,0.4098,0,0,0.6528,0.3472
3105506,0.3263,0.2671,0,0.2671,0.3078,0.027,0.0718,0.6008,0,0,0,0.3992,0,0,0.6483,0.3517
3105507,0.3248,0.2652,0,0.2652,0.3086,0.0275,0.0739,0.5979,0,0,0,0.4021,0,0,0.6489,0.3511
3105508,0.3228,0.2503,0,0.2503,0.3233,0.0275,0.0761,0.5864,0,0,0,0.4136,0,0,0.6623,0.3377
3105509,0.3227,0.258,0,0.258,0.3184,0.0272,0.0737,0.5912,0,0,0,0.4088,0,0,0.6567,0.3433
3105510,0.3266,0.2702,0,0.2702,0.3011,0.0281,0.074,0.6012,0,0,0,0.3988,0,0,0.6438,0.3562
3105511,0.3252,0.27,0,0.27,0.3055,0.0278,0.0716,0.6009,0,0,0,0.3991,0,0,0.6451,0.3549
3105512,0.3273,0.2616,0,0.2616,0.3111,0.0271,0.073,0.5988,0,0,0,0.4012,0,0,0.6528,0.3472
3105513,0.3271,0.2757,0,0.2757,0.2989,0.0268,0.0715,0.6104,0,0,0,0.3896,0,0,0.6393,0.3607
3105514,0.3287,0.2797,0,0.2797,0.2939,0.0269,0.0709,0.6137,0,0,0,0.3863,0,0,0.6359,0.3641
3105515,0.3287,0.2856,0,0.2856,0.2878,0.0266,0.0713,0.6196,0,0,0,0.3804,0,0,0.6299,0.3701
3105516,0.325,0.2641,0,0.2641,0.3121,0.026,0.0728,0.6,0,0,0,0.4,0,0,0.6509,0.3491
3105517,0.3255,0.2648,0,0.2648,0.3077,0.028,0.074,0.5987,0,0,0,0.4013,0,0,0.6484,0.3516
3105519,0.3318,0.2695,0,0.2695,0.3055,0.026,0.0672,0.6052,0,0,0,0.3948,0,0,0.6496,0.3504
3105523,0.3277,0.28,0,0.28,0.2968,0.0254,0.0701,0.6158,0,0,0,0.3842,0,0,0.6366,0.3634
3105524,0.3291,0.267,0,0.267,0.3066,0.027,0.0703,0.6021,0,0,0,0.3979,0,0,0.6493,0.3507
3105525,0.3256,0.2665,0,0.2665,0.3057,0.0283,0.0739,0.5988,0,0,0,0.4012,0,0,0.6474,0.3526
3105526,0.3276,0.2574,0,0.2574,0.3144,0.0273,0.0733,0.5948,0,0,0,0.4052,0,0,0.657,0.343
3105527,0.3302,0.2678,0,0.2678,0.3051,0.0262,0.0707,0.6058,0,0,0,0.3942,0,0,0.649,0.351
3105528,0.3309,0.2616,0,0.2616,0.312,0.0258,0.0697,0.6019,0,0,0,0.3981,0,0,0.6561,0.3439
3105529,0.3324,0.2743,0,0.2743,0.3025,0.0255,0.0652,0.6102,0,0,0,0.3898,0,0,0.6457,0.3543
3105530,0.3266,0.275,0,0.275,0.2949,0.0293,0.0742,0.6055,0,0,0,0.3945,0,0,0.6381,0.3619
3105531,0.3285,0.2493,0,0.2493,0.3219,0.0272,0.0731,0.5873,0,0,0,0.4127,0,0,0.6659,0.3341
3105532,0.3267,0.2825,0,0.2825,0.2931,0.0277,0.0699,0.6114,0,0,0,0.3886,0,0,0.6337,0.3663
3105533,0.3281,0.2798,0,0.2798,0.2951,0.0278,0.0692,0.6089,0,0,0,0.3911,0,0,0.6368,0.3632
3105534,0.3271,0.2758,0,0.2758,0.2937,0.0295,0.0739,0.6045,0,0,0,0.3955,0,0,0.6372,0.3628
3105601,0.3443,0.2654,0,0.2654,0.2888,0.0259,0.0756,0.6173,0,0,0,0.3827,0,0,0.6503,0.3497
3105602,0.3391,0.2751,0,0.2751,0.279,0.0285,0.0783,0.6174,0,0,0,0.3826,0,0,0.6379,0.3621
3105603,0.3378,0.2823,0,0.2823,0.2819,0.0262,0.0718,0.6217,0,0,0,0.3783,0,0,0.6354,0.3646
3105604,0.3435,0.2705,0,0.2705,0.2851,0.0255,0.0754,0.6191,0,0,0,0.3809,0,0,0.646,0.354
3105605,0.3306,0.2729,0,0.2729,0.3027,0.0243,0.0695,0.6119,0,0,0,0.3881,0,0,0.646,0.354
3105606,0.328,0.2729,0,0.2729,0.3059,0.025,0.0682,0.609,0,0,0,0.391,0,0,0.6464,0.3536
3105607,0.3365,0.2674,0,0.2674,0.2909,0.0282,0.0771,0.6086,0,0,0,0.3914,0,0,0.6464,0.3536
3105608,0.3544,0.2627,0,0.2627,0.2804,0.0267,0.0758,0.6247,0,0,0,0.3753,0,0,0.653,0.347
3105609,0.3369,0.2679,0,0.2679,0.2922,0.0277,0.0753,0.6109,0,0,0,0.3891,0,0,0.6459,0.3541
3105610,0.3293,0.2729,0,0.2729,0.3008,0.0265,0.0705,0.6086,0,0,0,0.3914,0,0,0.6442,0.3558
3105611,0.3287,0.2811,0,0.2811,0.293,0.0274,0.0698,0.6138,0,0,0,0.3862,0,0,0.6352,0.3648
3105612,0.3296,0.2787,0,0.2787,0.2957,0.0255,0.0705,0.6143,0,0,0,0.3857,0,0,0.6387,0.3613
3105613,0.3291,0.2849,0,0.2849,0.2979,0.0238,0.0643,0.6191,0,0,0,0.3809,0,0,0.6366,0.3634
3105614,0.3281,0.2832,0,0.2832,0.2957,0.026,0.067,0.6151,0,0,0,0.3849,0,0,0.6354,0.3646
3105615,0.3268,0.2827,0,0.2827,0.2958,0.0262,0.0686,0.6151,0,0,0,0.3849,0,0,0.6349,0.3651
3105616,0.3289,0.2862,0,0.2862,0.2953,0.0247,0.0649,0.6197,0,0,0,0.3803,0,0,0.6339,0.3661
3105617,0.3519,0.2642,0,0.2642,0.2759,0.0282,0.0798,0.6231,0,0,0,0.3769,0,0,0.6487,0.3513
3105618,0.355,0.2809,0,0.2809,0.2604,0.0272,0.0764,0.6357,0,0,0,0.3643,0,0,0.6339,0.3661
3105619,0.3435,0.2792,0,0.2792,0.274,0.0283,0.075,0.6244,0,0,0,0.3756,0,0,0.6353,0.3647
3105620,0.3477,0.2551,0,0.2551,0.2869,0.0286,0.0816,0.6129,0,0,0,0.3871,0,0,0.6548,0.3452
3105621,0.3497,0.2662,0,0.2662,0.2789,0.0277,0.0776,0.6218,0,0,0,0.3782,0,0,0.648,0.352
3105703,0.3336,0.2926,0,0.2926,0.2731,0.0275,0.0732,0.6228,0,0,0,0.3772,0,0,0.6226,0.3774
3105704,0.328,0.2826,0,0.2826,0.2931,0.0267,0.0695,0.6143,0,0,0,0.3857,0,0,0.6336,0.3664
3105705,0.3267,0.2749,0,0.2749,0.2979,0.0277,0.0728,0.6063,0,0,0,0.3937,0,0,0.6385,0.3615
3105706,0.325,0.2762,0,0.2762,0.3033,0.026,0.0694,0.6043,0,0,0,0.3957,0,0,0.6369,0.3631
3105707,0.3269,0.2791,0,0.2791,0.2973,0.0269,0.0698,0.6089,0,0,0,0.3911,0,0,0.6348,0.3652
3105801,0.3262,0.2499,0,0.2499,0.3199,0.0287,0.0753,0.5824,0,0,0,0.4176,0,0,0.6634,0.3366
3105803,0.3285,0.2511,0,0.2511,0.3171,0.0294,0.0739,0.587,0,0,0,0.413,0,0,0.6648,0.3352
3105805,0.3281,0.2484,0,0.2484,0.3216,0.0282,0.0738,0.5848,0,0,0,0.4152,0,0,0.6656,0.3344
3105807,0.334,0.2694,0,0.2694,0.295,0.0284,0.0732,0.6048,0,0,0,0.3952,0,0,0.6468,0.3532
3105808,0.3334,0.2562,0,0.2562,0.3176,0.0263,0.0665,0.5962,0,0,0,0.4038,0,0,0.6656,0.3344
3105809,0.3286,0.2646,0,0.2646,0.3125,0.0274,0.0669,0.5941,0,0,0,0.4059,0,0,0.6583,0.3417
3105810,0.3308,0.2417,0,0.2417,0.3277,0.0281,0.0717,0.5805,0,0,0,0.4195,0,0,0.6777,0.3223
3105811,0.3293,0.2469,0,0.2469,0.3254,0.0275,0.0709,0.5824,0,0,0,0.4176,0,0,0.6731,0.3269
3105812,0.3296,0.2408,0,0.2408,0.3301,0.0282,0.0712,0.5781,0,0,0,0.4219,0,0,0.6791,0.3209
3105815,0.3327,0.2559,0,0.2559,0.3169,0.0278,0.0666,0.5913,0,0,0,0.4087,0,0,0.6676,0.3324
3105816,0.3331,0.2374,0,0.2374,0.3271,0.0295,0.0729,0.5784,0,0,0,0.4216,0,0,0.681,0.319
3105817,0.3292,0.2198,0,0.2198,0.3432,0.0288,0.0789,0.564,0,0,0,0.436,0,0,0.6904,0.3096
3105818,0.3272,0.2452,0,0.2452,0.3253,0.0292,0.0732,0.5799,0,0,0,0.4201,0,0,0.6708,0.3292
3105819,0.3251,0.2617,0,0.2617,0.3089,0.0294,0.0749,0.5899,0,0,0,0.4101,0,0,0.6517,0.3483
3105820,0.3303,0.2662,0,0.2662,0.3087,0.0269,0.068,0.6009,0,0,0,0.3991,0,0,0.6524,0.3476
3105821,0.3289,0.2493,0,0.2493,0.3187,0.0288,0.0743,0.5875,0,0,0,0.4125,0,0,0.666,0.334
3105822,0.3267,0.2412,0,0.2412,0.329,0.0279,0.0751,0.5758,0,0,0,0.4242,0,0,0.6711,0.3289
3105823,0.3269,0.2595,0,0.2595,0.3088,0.0295,0.0754,0.5934,0,0,0,0.4066,0,0,0.6545,0.3455
3106301,0.3445,0.2863,0,0.2863,0.2644,0.0278,0.0769,0.6303,0,0,0,0.3697,0,0,0.6262,0.3738
3106302,0.3434,0.2767,0,0.2767,0.2677,0.0301,0.0822,0.6202,0,0,0,0.3798,0,0,0.6309,0.3691
3106303,0.349,0.2916,0,0.2916,0.2518,0.0277,0.0799,0.642,0,0,0,0.358,0,0,0.6182,0.3818
3106304,0.3433,0.2854,0,0.2854,0.2598,0.0289,0.0827,0.6325,0,0,0,0.3675,0,0,0.6217,0.3783
3106309,,,0,0,0,0,0,,0,0,0,0,0,0,0,0
3106335,0.3479,0.3005,0,0.3005,0.2492,0.0262,0.0762,0.647,0,0,0,0.353,0,0,0.6133,0.3867
3106337,0.3437,0.2911,0,0.2911,0.2547,0.0283,0.0822,0.6362,0,0,0,0.3638,0,0,0.6171,0.3829
3110701,0.3256,0.2566,0,0.2566,0.3235,0.0267,0.0676,0.5875,0,0,0,0.4125,0,0,0.6646,0.3354
3110702,0.3246,0.2342,0,0.2342,0.3331,0.0308,0.0772,0.5704,0,0,0,0.4296,0,0,0.6799,0.3201
3110703,0.3261,0.2504,0,0.2504,0.3304,0.0262,0.0669,0.582,0,0,0,0.418,0,0,0.6724,0.3276
3110704,0.3248,0.229,0,0.229,0.3451,0.0284,0.0726,0.5656,0,0,0,0.4344,0,0,0.6893,0.3107
3110705,0.3259,0.2464,0,0.2464,0.3299,0.0281,0.0696,0.5747,0,0,0,0.4253,0,0,0.6731,0.3269
3110706,0.327,0.2465,0,0.2465,0.3286,0.0272,0.0707,0.5807,0,0,0,0.4193,0,0,0.6736,0.3264
3110707,0.326,0.2521,0,0.2521,0.326,0.0272,0.0687,0.584,0,0,0,0.416,0,0,0.6681,0.3319
3110708,0.3224,0.2566,0,0.2566,0.3196,0.0297,0.0717,0.5846,0,0,0,0.4154,0,0,0.6601,0.3399
3110709,0.3225,0.2527,0,0.2527,0.3228,0.03,0.072,0.5819,0,0,0,0.4181,0,0,0.6636,0.3364
3110710,0.3308,0.2316,0,0.2316,0.3447,0.025,0.0679,0.5714,0,0,0,0.4286,0,0,0.692,0.308
3110711,0.3291,0.2311,0,0.2311,0.3453,0.0253,0.0693,0.57,0,0,0,0.43,0,0,0.6911,0.3089
3110712,0.3306,0.2317,0,0.2317,0.3428,0.0261,0.0688,0.5718,0,0,0,0.4282,0,0,0.6906,0.3094
3110713,0.327,0.2374,0,0.2374,0.3341,0.0283,0.0732,0.5727,0,0,0,0.4273,0,0,0.68,0.32
3110714,0.3238,0.2513,0,0.2513,0.3293,0.0273,0.0684,0.5808,0,0,0,0.4192,0,0,0.6695,0.3305
3110715,0.3276,0.236,0,0.236,0.3436,0.0252,0.0675,0.5717,0,0,0,0.4283,0,0,0.6877,0.3123
3110801,0.3262,0.2813,0,0.2813,0.2899,0.0299,0.0728,0.6057,0,0,0,0.3943,0,0,0.6321,0.3679
3110802,0.3264,0.2763,0,0.2763,0.2946,0.03,0.0726,0.6017,0,0,0,0.3983,0,0,0.6367,0.3633
3110803,0.327,0.2767,0,0.2767,0.2971,0.0287,0.0706,0.6042,0,0,0,0.3958,0,0,0.639,0.361
3110804,0.3364,0.2966,0,0.2966,0.2672,0.0297,0.0701,0.6119,0,0,0,0.3881,0,0,0.6226,0.3774
3110805,0.3269,0.2601,0,0.2601,0.3122,0.0288,0.0721,0.593,0,0,0,0.407,0,0,0.6546,0.3454
3110806,0.3302,0.2814,0,0.2814,0.2925,0.0279,0.068,0.6103,0,0,0,0.3897,0,0,0.6356,0.3644
3110807,0.331,0.2914,0,0.2914,0.2838,0.0276,0.0662,0.6188,0,0,0,0.3812,0,0,0.6267,0.3733
3110810,0.3289,0.2726,0,0.2726,0.3005,0.0279,0.0702,0.6052,0,0,0,0.3948,0,0,0.6433,0.3567
3110811,0.3252,0.2658,0,0.2658,0.3048,0.0296,0.0746,0.5957,0,0,0,0.4043,0,0,0.647,0.353
3110812,0.3276,0.2643,0,0.2643,0.3063,0.0288,0.0728,0.5962,0,0,0,0.4038,0,0,0.6501,0.3499
3110813,0.3288,0.2783,0,0.2783,0.2975,0.028,0.0675,0.6077,0,0,0,0.3923,0,0,0.6387,0.3613
3110814,0.3258,0.2739,0,0.2739,0.2989,0.0294,0.072,0.6014,0,0,0,0.3986,0,0,0.6405,0.3595
3110816,0.3267,0.2696,0,0.2696,0.3013,0.0295,0.0728,0.6,0,0,0,0.4,0,0,0.644,0.356
3110817,0.3269,0.2681,0,0.2681,0.3029,0.0294,0.0727,0.5975,0,0,0,0.4025,0,0,0.6458,0.3542
3110818,0.3288,0.2625,0,0.2625,0.3105,0.0287,0.0695,0.5982,0,0,0,0.4018,0,0,0.6525,0.3475
3110819,0.3277,0.2581,0,0.2581,0.3139,0.0291,0.0711,0.5946,0,0,0,0.4054,0,0,0.6555,0.3445
3110820,0.3261,0.2681,0,0.2681,0.3032,0.0296,0.073,0.5982,0,0,0,0.4018,0,0,0.6447,0.3553
3110821,0.326,0.2584,0,0.2584,0.3126,0.0288,0.0743,0.5909,0,0,0,0.4091,0,0,0.6553,0.3447
3110822,0.3291,0.284,0,0.284,0.289,0.0284,0.0696,0.6124,0,0,0,0.3876,0,0,0.6319,0.3681
3110823,0.3249,0.2584,0,0.2584,0.3116,0.0302,0.075,0.5919,0,0,0,0.4081,0,0,0.6527,0.3473
3110824,0.3245,0.2682,0,0.2682,0.3021,0.0301,0.075,0.5962,0,0,0,0.4038,0,0,0.6435,0.3565
3111001,0.3302,0.2266,0,0.2266,0.3436,0.0273,0.0722,0.5676,0,0,0,0.4324,0,0,0.692,0.308
3111002,0.3296,0.2425,0,0.2425,0.3302,0.0272,0.0705,0.5794,0,0,0,0.4206,0,0,0.6774,0.3226
3111008,0.3264,0.2721,0,0.2721,0.3054,0.0284,0.0676,0.5984,0,0,0,0.4016,0,0,0.6463,0.3537
3111010,0.3293,0.2762,0,0.2762,0.3019,0.0271,0.0655,0.6049,0,0,0,0.3951,0,0,0.6439,0.3561
3111011,0.3258,0.2451,0,0.2451,0.3295,0.0279,0.0717,0.5793,0,0,0,0.4207,0,0,0.6733,0.3267
3111013,0.3255,0.2504,0,0.2504,0.3209,0.0293,0.0739,0.583,0,0,0,0.417,0,0,0.6653,0.3347
3111014,0.3284,0.2544,0,0.2544,0.3269,0.0252,0.0651,0.5858,0,0,0,0.4142,0,0,0.6688,0.3312
3111019,0.3248,0.2477,0,0.2477,0.3333,0.0264,0.0678,0.5785,0,0,0,0.4215,0,0,0.6733,0.3267
3111020,0.3243,0.2516,0,0.2516,0.3273,0.0272,0.0696,0.5816,0,0,0,0.4184,0,0,0.6678,0.3322
3111021,0.3337,0.2379,0,0.2379,0.3375,0.0242,0.0667,0.5748,0,0,0,0.4252,0,0,0.6846,0.3154
3111022,0.3246,0.2487,0,0.2487,0.3296,0.0274,0.0697,0.5802,0,0,0,0.4198,0,0,0.6707,0.3293
3111023,0.326,0.2424,0,0.2424,0.3343,0.0272,0.0701,0.5739,0,0,0,0.4261,0,0,0.6766,0.3234
3111024,0.3227,0.2508,0,0.2508,0.3237,0.0298,0.073,0.5786,0,0,0,0.4214,0,0,0.6641,0.3359
3111025,0.3254,0.2554,0,0.2554,0.323,0.0273,0.0688,0.584,0,0,0,0.416,0,0,0.6641,0.3359
3111026,0.3234,0.2335,0,0.2335,0.3405,0.0285,0.0741,0.5661,0,0,0,0.4339,0,0,0.6826,0.3174
3111027,0.3235,0.2625,0,0.2625,0.3122,0.0293,0.0725,0.5876,0,0,0,0.4124,0,0,0.6524,0.3476
3111028,0.3203,0.2438,0,0.2438,0.3311,0.0295,0.0753,0.5703,0,0,0,0.4297,0,0,0.6701,0.3299
3111029,0.3297,0.2305,0,0.2305,0.3504,0.023,0.0664,0.5698,0,0,0,0.4302,0,0,0.6946,0.3054
3111030,0.328,0.2165,0,0.2165,0.3474,0.0281,0.08,0.5582,0,0,0,0.4418,0,0,0.6972,0.3028
3111031,0.3243,0.2447,0,0.2447,0.3295,0.0281,0.0734,0.5769,0,0,0,0.4231,0,0,0.6721,0.3279
3111032,0.3229,0.232,0,0.232,0.3404,0.0284,0.0762,0.5632,0,0,0,0.4368,0,0,0.6821,0.3179
3111033,0.3296,0.282,0,0.282,0.303,0.025,0.0605,0.6089,0,0,0,0.3911,0,0,0.6424,0.3576
3111034,0.3268,0.249,0,0.249,0.3233,0.0275,0.0734,0.5839,0,0,0,0.4161,0,0,0.6693,0.3307
3111035,0.3266,0.2421,0,0.2421,0.3292,0.0281,0.0739,0.5765,0,0,0,0.4235,0,0,0.6741,0.3259
3111036,0.3241,0.2566,0,0.2566,0.3217,0.028,0.0695,0.5846,0,0,0,0.4154,0,0,0.6621,0.3379
3111037,0.3256,0.2658,0,0.2658,0.3098,0.029,0.0697,0.5945,0,0,0,0.4055,0,0,0.6511,0.3489
3111038,0.324,0.2608,0,0.2608,0.3149,0.0286,0.0716,0.5878,0,0,0,0.4122,0,0,0.6559,0.3441
3111039,0.3246,0.2601,0,0.2601,0.3222,0.0265,0.0667,0.5855,0,0,0,0.4145,0,0,0.6607,0.3393
3111040,0.3267,0.2423,0,0.2423,0.3374,0.0255,0.0682,0.5758,0,0,0,0.4242,0,0,0.6794,0.3206
3111041,0.322,0.2383,0,0.2383,0.3427,0.027,0.07,0.5675,0,0,0,0.4325,0,0,0.6809,0.3191
3111202,0.3213,0.2445,0,0.2445,0.3285,0.0311,0.0746,0.5753,0,0,0,0.4247,0,0,0.67,0.33
3111204,0.32,0.2454,0,0.2454,0.3377,0.0274,0.0695,0.5716,0,0,0,0.4284,0,0,0.6738,0.3262
3111205,0.3264,0.2531,0,0.2531,0.3313,0.0257,0.0635,0.5844,0,0,0,0.4156,0,0,0.6712,0.3288
3111206,0.3224,0.2564,0,0.2564,0.3285,0.0264,0.0663,0.5822,0,0,0,0.4178,0,0,0.665,0.335
3111207,0.3256,0.2454,0,0.2454,0.3433,0.0234,0.0624,0.5757,0,0,0,0.4243,0,0,0.6811,0.3189
3111208,0.3255,0.2401,0,0.2401,0.3447,0.0245,0.0652,0.5724,0,0,0,0.4276,0,0,0.6844,0.3156
3111209,0.3264,0.2415,0,0.2415,0.3402,0.0254,0.0666,0.5742,0,0,0,0.4258,0,0,0.6813,0.3187
3111210,0.3249,0.2532,0,0.2532,0.3307,0.0257,0.0656,0.5825,0,0,0,0.4175,0,0,0.67,0.33
3111211,0.3261,0.2433,0,0.2433,0.338,0.0255,0.0671,0.5756,0,0,0,0.4244,0,0,0.6798,0.3202
3111212,0.3255,0.2359,0,0.2359,0.3408,0.0271,0.0707,0.5698,0,0,0,0.4302,0,0,0.6838,0.3162
3111213,0.3251,0.2396,0,0.2396,0.3392,0.027,0.0691,0.5731,0,0,0,0.4269,0,0,0.6811,0.3189
3111215,0.3223,0.2503,0,0.2503,0.329,0.0278,0.0706,0.5782,0,0,0,0.4218,0,0,0.6687,0.3313
3111216,0.3244,0.2432,0,0.2432,0.3357,0.0271,0.0696,0.5749,0,0,0,0.4251,0,0,0.6772,0.3228
3111217,0.3275,0.2467,0,0.2467,0.3315,0.0258,0.0685,0.5805,0,0,0,0.4195,0,0,0.6757,0.3243
3111218,0.3273,0.2476,0,0.2476,0.3332,0.0262,0.0657,0.5806,0,0,0,0.4194,0,0,0.6753,0.3247
3111221,0.325,0.248,0,0.248,0.3314,0.0267,0.0689,0.5783,0,0,0,0.4217,0,0,0.6723,0.3277
3111222,0.3235,0.2569,0,0.2569,0.3249,0.0279,0.0667,0.5842,0,0,0,0.4158,0,0,0.6633,0.3367
3111224,0.3248,0.264,0,0.264,0.3216,0.026,0.0636,0.5899,0,0,0,0.4101,0,0,0.6591,0.3409
3111225,0.3227,0.2452,0,0.2452,0.3406,0.0256,0.0659,0.5722,0,0,0,0.4278,0,0,0.6773,0.3227
3111226,0.3215,0.2509,0,0.2509,0.333,0.027,0.0676,0.577,0,0,0,0.423,0,0,0.6691,0.3309
3111227,0.3222,0.2521,0,0.2521,0.3292,0.028,0.0686,0.5796,0,0,0,0.4204,0,0,0.6672,0.3328
3111228,0.3245,0.2739,0,0.2739,0.3116,0.0265,0.0637,0.5975,0,0,0,0.4025,0,0,0.6483,0.3517
3111229,0.3219,0.26,0,0.26,0.3204,0.0281,0.0696,0.5849,0,0,0,0.4151,0,0,0.6586,0.3414
3111230,0.3232,0.2624,0,0.2624,0.3163,0.0287,0.0694,0.5883,0,0,0,0.4117,0,0,0.6551,0.3449
3111231,0.3231,0.2583,0,0.2583,0.3255,0.0268,0.0664,0.5842,0,0,0,0.4158,0,0,0.6624,0.3376
3111232,0.3221,0.2592,0,0.2592,0.3216,0.0281,0.069,0.585,0,0,0,0.415,0,0,0.6592,0.3408
3111233,0.3222,0.2592,0,0.2592,0.3245,0.0269,0.0672,0.584,0,0,0,0.416,0,0,0.6614,0.3386
3111234,0.3249,0.255,0,0.255,0.3242,0.0271,0.0688,0.5843,0,0,0,0.4157,0,0,0.6649,0.3351
3111235,0.3211,0.2369,0,0.2369,0.3482,0.0258,0.068,0.5653,0,0,0,0.4347,0,0,0.6846,0.3154
3111236,0.3221,0.2468,0,0.2468,0.3365,0.0268,0.0678,0.5742,0,0,0,0.4258,0,0,0.6736,0.3264
3111237,0.3233,0.2553,0,0.2553,0.3289,0.0262,0.0664,0.582,0,0,0,0.418,0,0,0.6668,0.3332
3111238,0.3251,0.2309,0,0.2309,0.3496,0.0257,0.0687,0.5649,0,0,0,0.4351,0,0,0.6907,0.3093
3111239,0.3245,0.2495,0,0.2495,0.3352,0.0258,0.065,0.577,0,0,0,0.423,0,0,0.6732,0.3268
3111301,0.3372,0.293,0,0.293,0.2719,0.0267,0.0712,0.6308,0,0,0,0.3692,0,0,0.6237,0.3763
3111302,0.337,0.2777,0,0.2777,0.2868,0.0272,0.0712,0.6191,0,0,0,0.3809,0,0,0.6379,0.3621
3111303,0.3394,0.2979,0,0.2979,0.2727,0.0249,0.065,0.6364,0,0,0,0.3636,0,0,0.6219,0.3781
3111304,0.3373,0.2941,0,0.2941,0.2739,0.0272,0.0675,0.6292,0,0,0,0.3708,0,0,0.6236,0.3764
3111305,0.3351,0.2955,0,0.2955,0.2716,0.0272,0.0706,0.6306,0,0,0,0.3694,0,0,0.6206,0.3794
3111306,0.3387,0.2992,0,0.2992,0.268,0.0262,0.0679,0.6365,0,0,0,0.3635,0,0,0.6193,0.3807
3111307,0.3349,0.2896,0,0.2896,0.2747,0.0273,0.0734,0.6264,0,0,0,0.3736,0,0,0.6256,0.3744
3111308,0.3343,0.2952,0,0.2952,0.2723,0.0275,0.0707,0.6284,0,0,0,0.3716,0,0,0.6211,0.3789
3111309,0.3363,0.3004,0,0.3004,0.2657,0.0278,0.0698,0.6335,0,0,0,0.3665,0,0,0.6163,0.3837
3111310,0.3385,0.301,0,0.301,0.2652,0.0263,0.069,0.6369,0,0,0,0.3631,0,0,0.6173,0.3827
3111401,0.3343,0.3005,0,0.3005,0.2673,0.0278,0.0702,0.6308,0,0,0,0.3692,0,0,0.6155,0.3845
3111402,0.3351,0.3023,0,0.3023,0.2667,0.0268,0.069,0.6353,0,0,0,0.3647,0,0,0.6146,0.3854
3111403,0.3358,0.3023,0,0.3023,0.2662,0.0272,0.0686,0.6341,0,0,0,0.3659,0,0,0.6149,0.3851
3111404,0.3356,0.3021,0,0.3021,0.266,0.0272,0.0692,0.6355,0,0,0,0.3645,0,0,0.6148,0.3852
3111405,0.3342,0.3,0,0.3,0.2674,0.028,0.0704,0.6316,0,0,0,0.3684,0,0,0.6154,0.3846
3111406,0.3365,0.2984,0,0.2984,0.2685,0.0268,0.0699,0.6348,0,0,0,0.3652,0,0,0.6188,0.3812
3111407,0.332,0.3005,0,0.3005,0.2687,0.0279,0.0709,0.629,0,0,0,0.371,0,0,0.6144,0.3856
3111408,0.3324,0.302,0,0.302,0.2678,0.0282,0.0696,0.6311,0,0,0,0.3689,0,0,0.6136,0.3864
3111409,0.3335,0.3006,0,0.3006,0.2697,0.0271,0.0691,0.6297,0,0,0,0.3703,0,0,0.6157,0.3843
3111410,0.3356,0.3021,0,0.3021,0.2693,0.0262,0.0667,0.6349,0,0,0,0.3651,0,0,0.6163,0.3837
3111411,0.3345,0.3034,0,0.3034,0.2654,0.0282,0.0686,0.6334,0,0,0,0.3666,0,0,0.6133,0.3867
3111412,0.3357,0.3046,0,0.3046,0.2642,0.0277,0.0678,0.6363,0,0,0,0.3637,0,0,0.6126,0.3874
3111413,0.3335,0.2991,0,0.2991,0.2699,0.0271,0.0704,0.6318,0,0,0,0.3682,0,0,0.6168,0.3832
3111501,0.3315,0.2879,0,0.2879,0.2837,0.0281,0.0689,0.6187,0,0,0,0.3813,0,0,0.6287,0.3713
3111502,0.3267,0.266,0,0.266,0.31,0.0271,0.0703,0.5968,0,0,0,0.4032,0,0,0.6501,0.3499
3111503,0.3264,0.2756,0,0.2756,0.2987,0.0285,0.0708,0.6037,0,0,0,0.3963,0,0,0.6395,0.3605
3111504,0.3225,0.2474,0,0.2474,0.3281,0.0275,0.0744,0.578,0,0,0,0.422,0,0,0.6661,0.3339
3111506,0.3287,0.2699,0,0.2699,0.3046,0.027,0.0697,0.6023,0,0,0,0.3977,0,0,0.6474,0.3526
3111507,0.327,0.2629,0,0.2629,0.3151,0.0262,0.0688,0.5939,0,0,0,0.4061,0,0,0.654,0.346
3111508,0.3252,0.266,0,0.266,0.3092,0.0278,0.0718,0.5942,0,0,0,0.4058,0,0,0.6493,0.3507
3111510,0.3272,0.2597,0,0.2597,0.3186,0.0252,0.0692,0.5938,0,0,0,0.4062,0,0,0.658,0.342
3111511,0.3269,0.2525,0,0.2525,0.3288,0.0244,0.0674,0.585,0,0,0,0.415,0,0,0.6664,0.3336
3111512,0.3268,0.2667,0,0.2667,0.312,0.0262,0.0682,0.5965,0,0,0,0.4035,0,0,0.6508,0.3492
3111513,0.326,0.2599,0,0.2599,0.3179,0.0262,0.07,0.5912,0,0,0,0.4088,0,0,0.6565,0.3435
3111514,0.3235,0.2503,0,0.2503,0.3232,0.0282,0.0749,0.5821,0,0,0,0.4179,0,0,0.6631,0.3369
3111515,0.3235,0.2504,0,0.2504,0.3221,0.0288,0.0752,0.5815,0,0,0,0.4185,0,0,0.6622,0.3378
3111516,0.3268,0.2638,0,0.2638,0.3104,0.0278,0.0712,0.5954,0,0,0,0.4046,0,0,0.6516,0.3484
3111517,0.3261,0.2677,0,0.2677,0.3078,0.0277,0.0706,0.5963,0,0,0,0.4037,0,0,0.6478,0.3522
3111518,0.3252,0.2725,0,0.2725,0.299,0.0299,0.0734,0.5996,0,0,0,0.4004,0,0,0.6401,0.3599
3111601,0.3331,0.2906,0,0.2906,0.2779,0.028,0.0703,0.6221,0,0,0,0.3779,0,0,0.6249,0.3751
3111602,0.3295,0.2899,0,0.2899,0.2763,0.0293,0.075,0.6186,0,0,0,0.3814,0,0,0.6231,0.3769
3111603,0.3341,0.3031,0,0.3031,0.2656,0.0274,0.0698,0.6322,0,0,0,0.3678,0,0,0.6125,0.3875
3111604,0.3362,0.2982,0,0.2982,0.2724,0.0259,0.0672,0.6327,0,0,0,0.3673,0,0,0.6197,0.3803
3111605,0.3346,0.2899,0,0.2899,0.2791,0.0273,0.0691,0.6238,0,0,0,0.3762,0,0,0.627,0.373
3111606,0.3372,0.2903,0,0.2903,0.2751,0.0276,0.0698,0.6267,0,0,0,0.3733,0,0,0.626,0.374
3111607,0.3346,0.2849,0,0.2849,0.2819,0.0272,0.0715,0.6213,0,0,0,0.3787,0,0,0.6308,0.3692
3111608,0.3347,0.2784,0,0.2784,0.2869,0.0278,0.0721,0.6165,0,0,0,0.3835,0,0,0.6366,0.3634
3111609,0.334,0.2892,0,0.2892,0.2789,0.0274,0.0705,0.624,0,0,0,0.376,0,0,0.6269,0.3731
3111610,0.3331,0.2819,0,0.2819,0.2863,0.0273,0.0713,0.6183,0,0,0,0.3817,0,0,0.6345,0.3655
3111611,0.337,0.2905,0,0.2905,0.2778,0.0269,0.0678,0.627,0,0,0,0.373,0,0,0.6274,0.3726
3111701,0.3384,0.2836,0,0.2836,0.2779,0.0273,0.0728,0.6276,0,0,0,0.3724,0,0,0.6317,0.3683
3111702,0.3441,0.2846,0,0.2846,0.2697,0.0274,0.0743,0.6314,0,0,0,0.3686,0,0,0.6305,0.3695
3111703,0.3395,0.2811,0,0.2811,0.2804,0.0278,0.0712,0.6209,0,0,0,0.3791,0,0,0.634,0.366
3111704,0.3344,0.2855,0,0.2855,0.2811,0.0277,0.0713,0.6222,0,0,0,0.3778,0,0,0.6302,0.3698
3111705,0.3327,0.2768,0,0.2768,0.2853,0.0293,0.0759,0.6158,0,0,0,0.3842,0,0,0.6363,0.3637
3111706,0.3394,0.2819,0,0.2819,0.2772,0.0277,0.0737,0.6255,0,0,0,0.3745,0,0,0.6333,0.3667
3111707,0.3356,0.2777,0,0.2777,0.2827,0.0286,0.0753,0.6181,0,0,0,0.3819,0,0,0.6359,0.3641
3111708,0.3158,0.2609,0,0.2609,0.3052,0.0365,0.0816,0.5745,0,0,0,0.4255,0,0,0.6423,0.3577
3111709,0.3378,0.2862,0,0.2862,0.2847,0.0251,0.0661,0.6255,0,0,0,0.3745,0,0,0.6347,0.3653
3111710,0.3356,0.2836,0,0.2836,0.2816,0.0276,0.0716,0.6227,0,0,0,0.3773,0,0,0.6323,0.3677
3111711,0.3381,0.2768,0,0.2768,0.2835,0.028,0.0735,0.6201,0,0,0,0.3799,0,0,0.6377,0.3623
3111712,0.3435,0.2922,0,0.2922,0.2667,0.0267,0.0709,0.6362,0,0,0,0.3638,0,0,0.6248,0.3752
3111713,0.3468,0.2755,0,0.2755,0.2777,0.0271,0.0729,0.628,0,0,0,0.372,0,0,0.6403,0.3597
3111714,0.3435,0.2866,0,0.2866,0.2751,0.0264,0.0685,0.6296,0,0,0,0.3704,0,0,0.6315,0.3685
3111715,0.3413,0.2882,0,0.2882,0.2807,0.026,0.0639,0.6271,0,0,0,0.3729,0,0,0.6317,0.3683
3111717,0.3356,0.2801,0,0.2801,0.2828,0.0284,0.0731,0.6193,0,0,0,0.3807,0,0,0.6345,0.3655
3111718,0.3371,0.2762,0,0.2762,0.2869,0.0273,0.0725,0.6209,0,0,0,0.3791,0,0,0.6391,0.3609
3111719,0.3355,0.2779,0,0.2779,0.2844,0.0284,0.0738,0.6182,0,0,0,0.3818,0,0,0.6367,0.3633
3111720,0.3468,0.2802,0,0.2802,0.2855,0.0255,0.062,0.6238,0,0,0,0.3762,0,0,0.64,0.36
3111721,0.3384,0.2816,0,0.2816,0.2869,0.0269,0.0662,0.62,0,0,0,0.38,0,0,0.636,0.364
3111723,0.3339,0.2826,0,0.2826,0.2813,0.0287,0.0734,0.6193,0,0,0,0.3807,0,0,0.6315,0.3685
3111724,0.335,0.282,0,0.282,0.2794,0.0289,0.0747,0.622,0,0,0,0.378,0,0,0.6314,0.3686
3111725,0.3379,0.2577,0,0.2577,0.2969,0.0286,0.079,0.6151,0,0,0,0.3849,0,0,0.6538,0.3462
3111726,0.3386,0.2809,0,0.2809,0.2835,0.0262,0.0708,0.6253,0,0,0,0.3747,0,0,0.6359,0.3641
3111727,0.3356,0.2825,0,0.2825,0.2822,0.028,0.0717,0.6196,0,0,0,0.3804,0,0,0.6326,0.3674
3111728,0.336,0.273,0,0.273,0.2922,0.0272,0.0716,0.6137,0,0,0,0.3863,0,0,0.643,0.357
3111730,0.3355,0.2747,0,0.2747,0.2884,0.0278,0.0735,0.6154,0,0,0,0.3846,0,0,0.6398,0.3602
3111731,0.3369,0.2778,0,0.2778,0.287,0.0272,0.0711,0.6181,0,0,0,0.3819,0,0,0.6384,0.3616
3111732,0.3341,0.2785,0,0.2785,0.2879,0.0278,0.0718,0.616,0,0,0,0.384,0,0,0.6367,0.3633
3111733,0.3359,0.281,0,0.281,0.2833,0.0279,0.0719,0.6206,0,0,0,0.3794,0,0,0.6341,0.3659
3111734,0.3428,0.2809,0,0.2809,0.2814,0.0267,0.0682,0.6214,0,0,0,0.3786,0,0,0.6361,0.3639
3111735,0.3439,0.2702,0,0.2702,0.2907,0.0272,0.0679,0.6135,0,0,0,0.3865,0,0,0.6457,0.3543
3111801,0.331,0.2832,0,0.2832,0.2863,0.0274,0.0722,0.6179,0,0,0,0.3821,0,0,0.6351,0.3649
3111802,0.3308,0.29,0,0.29,0.2854,0.0261,0.0676,0.6227,0,0,0,0.3773,0,0,0.6305,0.3695
3111803,0.3343,0.2871,0,0.2871,0.2843,0.0265,0.0677,0.623,0,0,0,0.377,0,0,0.6317,0.3683
3111804,0.3322,0.2946,0,0.2946,0.28,0.0261,0.067,0.6271,0,0,0,0.3729,0,0,0.6259,0.3741
3111805,0.3283,0.2835,0,0.2835,0.2917,0.0265,0.0699,0.6165,0,0,0,0.3835,0,0,0.636,0.364
3111806,0.3323,0.2907,0,0.2907,0.2826,0.0266,0.0678,0.6236,0,0,0,0.3764,0,0,0.6289,0.3711
3111807,0.3315,0.2866,0,0.2866,0.2846,0.0272,0.07,0.6196,0,0,0,0.3804,0,0,0.6312,0.3688
3111808,0.3291,0.2796,0,0.2796,0.2918,0.0276,0.0719,0.6118,0,0,0,0.3882,0,0,0.6378,0.3622
3111809,0.3323,0.2899,0,0.2899,0.2832,0.0261,0.0685,0.623,0,0,0,0.377,0,0,0.6301,0.3699
3111810,0.3321,0.2863,0,0.2863,0.2839,0.0271,0.0706,0.6191,0,0,0,0.3809,0,0,0.632,0.368
3111811,0.3341,0.288,0,0.288,0.2855,0.0252,0.0672,0.623,0,0,0,0.377,0,0,0.6336,0.3664
3111812,0.3325,0.2893,0,0.2893,0.2803,0.0274,0.0705,0.622,0,0,0,0.378,0,0,0.6289,0.3711
3111813,0.3357,0.3013,0,0.3013,0.2735,0.0254,0.0641,0.6351,0,0,0,0.3649,0,0,0.6196,0.3804
3111814,0.3332,0.2909,0,0.2909,0.2817,0.0262,0.068,0.6245,0,0,0,0.3755,0,0,0.6285,0.3715
3111815,0.3336,0.2839,0,0.2839,0.2852,0.0269,0.0703,0.6195,0,0,0,0.3805,0,0,0.6342,0.3658
,,,,,,,,,,,,,,,,
,0.3158,0.2165,,,,,,0.5582,,,,,,,,
,0.355,0.3265,,,,,,0.6491,,,,,,,,